DATAFLOW,LAST UPDATE,freq,product,currency,unit,indic_en,geo,TIME_PERIOD,OBS_VALUE,OBS_FLAG,CONF_STATUS
ESTAT:TEN00118(1.0),21/05/25 23:00:00,A,4100,EUR,GJ_GCV,MSHH,AL,2021,0.0000,e,
ESTAT:TEN00118(1.0),21/05/25 23:00:00,A,4100,EUR,GJ_GCV,MSHH,AL,2022,0.0000,e,
ESTAT:TEN00118(1.0),21/05/25 23:00:00,A,4100,EUR,GJ_GCV,MSHH,AT,2013,21.32,,
ESTAT:TEN00118(1.0),21/05/25 23:00:00,A,4100,EUR,GJ_GCV,MSHH,AT,2014,20.78,,
ESTAT:TEN00118(1.0),21/05/25 23:00:00,A,4100,EUR,GJ_GCV,MSHH,AT,2015,20.28,,
ESTAT:TEN00118(1.0),21/05/25 23:00:00,A,4100,EUR,GJ_GCV,MSHH,AT,2016,19.17,,
ESTAT:TEN00118(1.0),21/05/25 23:00:00,A,4100,EUR,GJ_GCV,MSHH,AT,2017,18.71,,
ESTAT:TEN00118(1.0),21/05/25 23:00:00,A,4100,EUR,GJ_GCV,MSHH,AT,2018,18.5850,,
ESTAT:TEN00118(1.0),21/05/25 23:00:00,A,4100,EUR,GJ_GCV,MSHH,AT,2019,18.3400,,
ESTAT:TEN00118(1.0),21/05/25 23:00:00,A,4100,EUR,GJ_GCV,MSHH,AT,2020,17.9895,,
ESTAT:TEN00118(1.0),21/05/25 23:00:00,A,4100,EUR,GJ_GCV,MSHH,AT,2021,17.6667,,
ESTAT:TEN00118(1.0),21/05/25 23:00:00,A,4100,EUR,GJ_GCV,MSHH,AT,2022,21.2942,,
ESTAT:TEN00118(1.0),21/05/25 23:00:00,A,4100,EUR,GJ_GCV,MSHH,AT,2023,43.3257,,
ESTAT:TEN00118(1.0),21/05/25 23:00:00,A,4100,EUR,GJ_GCV,MSHH,AT,2024,38.3186,,
ESTAT:TEN00118(1.0),21/05/25 23:00:00,A,4100,EUR,GJ_GCV,MSHH,BA,2013,15.4082,,
ESTAT:TEN00118(1.0),21/05/25 23:00:00,A,4100,EUR,GJ_GCV,MSHH,BA,2014,14.2347,,
ESTAT:TEN00118(1.0),21/05/25 23:00:00,A,4100,EUR,GJ_GCV,MSHH,BA,2015,14.265,,
ESTAT:TEN00118(1.0),21/05/25 23:00:00,A,4100,EUR,GJ_GCV,MSHH,BA,2016,10.8598,,
ESTAT:TEN00118(1.0),21/05/25 23:00:00,A,4100,EUR,GJ_GCV,MSHH,BA,2017,8.5335,,
ESTAT:TEN00118(1.0),21/05/25 23:00:00,A,4100,EUR,GJ_GCV,MSHH,BA,2018,9.0462,,
ESTAT:TEN00118(1.0),21/05/25 23:00:00,A,4100,EUR,GJ_GCV,MSHH,BA,2019,9.3109,,
ESTAT:TEN00118(1.0),21/05/25 23:00:00,A,4100,EUR,GJ_GCV,MSHH,BA,2020,10.3855,,
ESTAT:TEN00118(1.0),21/05/25 23:00:00,A,4100,EUR,GJ_GCV,MSHH,BA,2021,8.9115,,
ESTAT:TEN00118(1.0),21/05/25 23:00:00,A,4100,EUR,GJ_GCV,MSHH,BA,2022,12.1719,,
ESTAT:TEN00118(1.0),21/05/25 23:00:00,A,4100,EUR,GJ_GCV,MSHH,BA,2023,16.3328,,
ESTAT:TEN00118(1.0),21/05/25 23:00:00,A,4100,EUR,GJ_GCV,MSHH,BA,2024,14.9237,,
ESTAT:TEN00118(1.0),21/05/25 23:00:00,A,4100,EUR,GJ_GCV,MSHH,BE,2013,18.32,,
ESTAT:TEN00118(1.0),21/05/25 23:00:00,A,4100,EUR,GJ_GCV,MSHH,BE,2014,18.27,,
ESTAT:TEN00118(1.0),21/05/25 23:00:00,A,4100,EUR,GJ_GCV,MSHH,BE,2015,16.23,,
ESTAT:TEN00118(1.0),21/05/25 23:00:00,A,4100,EUR,GJ_GCV,MSHH,BE,2016,15.19,,
ESTAT:TEN00118(1.0),21/05/25 23:00:00,A,4100,EUR,GJ_GCV,MSHH,BE,2017,14.5114,,
ESTAT:TEN00118(1.0),21/05/25 23:00:00,A,4100,EUR,GJ_GCV,MSHH,BE,2018,14.8847,,
ESTAT:TEN00118(1.0),21/05/25 23:00:00,A,4100,EUR,GJ_GCV,MSHH,BE,2019,15.3755,,
ESTAT:TEN00118(1.0),21/05/25 23:00:00,A,4100,EUR,GJ_GCV,MSHH,BE,2020,13.7697,,
ESTAT:TEN00118(1.0),21/05/25 23:00:00,A,4100,EUR,GJ_GCV,MSHH,BE,2021,13.0023,,
ESTAT:TEN00118(1.0),21/05/25 23:00:00,A,4100,EUR,GJ_GCV,MSHH,BE,2022,26.1811,,
ESTAT:TEN00118(1.0),21/05/25 23:00:00,A,4100,EUR,GJ_GCV,MSHH,BE,2023,31.8275,,
ESTAT:TEN00118(1.0),21/05/25 23:00:00,A,4100,EUR,GJ_GCV,MSHH,BE,2024,22.2514,,
ESTAT:TEN00118(1.0),21/05/25 23:00:00,A,4100,EUR,GJ_GCV,MSHH,BG,2013,14.2397,,
ESTAT:TEN00118(1.0),21/05/25 23:00:00,A,4100,EUR,GJ_GCV,MSHH,BG,2014,13.6261,,
ESTAT:TEN00118(1.0),21/05/25 23:00:00,A,4100,EUR,GJ_GCV,MSHH,BG,2015,13.258,,
ESTAT:TEN00118(1.0),21/05/25 23:00:00,A,4100,EUR,GJ_GCV,MSHH,BG,2016,10.226,,
ESTAT:TEN00118(1.0),21/05/25 23:00:00,A,4100,EUR,GJ_GCV,MSHH,BG,2017,9.1778,,
ESTAT:TEN00118(1.0),21/05/25 23:00:00,A,4100,EUR,GJ_GCV,MSHH,BG,2018,10.5356,,
ESTAT:TEN00118(1.0),21/05/25 23:00:00,A,4100,EUR,GJ_GCV,MSHH,BG,2019,12.4631,,
ESTAT:TEN00118(1.0),21/05/25 23:00:00,A,4100,EUR,GJ_GCV,MSHH,BG,2020,11.0110,,
ESTAT:TEN00118(1.0),21/05/25 23:00:00,A,4100,EUR,GJ_GCV,MSHH,BG,2021,10.2154,,
ESTAT:TEN00118(1.0),21/05/25 23:00:00,A,4100,EUR,GJ_GCV,MSHH,BG,2022,21.2110,,
ESTAT:TEN00118(1.0),21/05/25 23:00:00,A,4100,EUR,GJ_GCV,MSHH,BG,2023,24.4176,,
ESTAT:TEN00118(1.0),21/05/25 23:00:00,A,4100,EUR,GJ_GCV,MSHH,BG,2024,17.1954,,
ESTAT:TEN00118(1.0),21/05/25 23:00:00,A,4100,EUR,GJ_GCV,MSHH,CZ,2013,17.8029,,
ESTAT:TEN00118(1.0),21/05/25 23:00:00,A,4100,EUR,GJ_GCV,MSHH,CZ,2014,15.2285,,
ESTAT:TEN00118(1.0),21/05/25 23:00:00,A,4100,EUR,GJ_GCV,MSHH,CZ,2015,15.9493,,
ESTAT:TEN00118(1.0),21/05/25 23:00:00,A,4100,EUR,GJ_GCV,MSHH,CZ,2016,16.1879,,
ESTAT:TEN00118(1.0),21/05/25 23:00:00,A,4100,EUR,GJ_GCV,MSHH,CZ,2017,15.2685,,
ESTAT:TEN00118(1.0),21/05/25 23:00:00,A,4100,EUR,GJ_GCV,MSHH,CZ,2018,15.9675,,
ESTAT:TEN00118(1.0),21/05/25 23:00:00,A,4100,EUR,GJ_GCV,MSHH,CZ,2019,16.2682,,
ESTAT:TEN00118(1.0),21/05/25 23:00:00,A,4100,EUR,GJ_GCV,MSHH,CZ,2020,15.9069,,
ESTAT:TEN00118(1.0),21/05/25 23:00:00,A,4100,EUR,GJ_GCV,MSHH,CZ,2021,15.6045,,
ESTAT:TEN00118(1.0),21/05/25 23:00:00,A,4100,EUR,GJ_GCV,MSHH,CZ,2022,19.3386,,
ESTAT:TEN00118(1.0),21/05/25 23:00:00,A,4100,EUR,GJ_GCV,MSHH,CZ,2023,31.6191,,
ESTAT:TEN00118(1.0),21/05/25 23:00:00,A,4100,EUR,GJ_GCV,MSHH,CZ,2024,30.1251,,
ESTAT:TEN00118(1.0),21/05/25 23:00:00,A,4100,EUR,GJ_GCV,MSHH,DE,2013,18.35,,
ESTAT:TEN00118(1.0),21/05/25 23:00:00,A,4100,EUR,GJ_GCV,MSHH,DE,2014,18.84,,
ESTAT:TEN00118(1.0),21/05/25 23:00:00,A,4100,EUR,GJ_GCV,MSHH,DE,2015,18.78,,
ESTAT:TEN00118(1.0),21/05/25 23:00:00,A,4100,EUR,GJ_GCV,MSHH,DE,2016,18.36,,
ESTAT:TEN00118(1.0),21/05/25 23:00:00,A,4100,EUR,GJ_GCV,MSHH,DE,2017,16.98,,
ESTAT:TEN00118(1.0),21/05/25 23:00:00,A,4100,EUR,GJ_GCV,MSHH,DE,2018,16.9010,,
ESTAT:TEN00118(1.0),21/05/25 23:00:00,A,4100,EUR,GJ_GCV,MSHH,DE,2019,17.5503,,
ESTAT:TEN00118(1.0),21/05/25 23:00:00,A,4100,EUR,GJ_GCV,MSHH,DE,2020,16.5765,,
ESTAT:TEN00118(1.0),21/05/25 23:00:00,A,4100,EUR,GJ_GCV,MSHH,DE,2021,17.9618,,
ESTAT:TEN00118(1.0),21/05/25 23:00:00,A,4100,EUR,GJ_GCV,MSHH,DE,2022,22.3901,,
ESTAT:TEN00118(1.0),21/05/25 23:00:00,A,4100,EUR,GJ_GCV,MSHH,DE,2023,34.1544,,
ESTAT:TEN00118(1.0),21/05/25 23:00:00,A,4100,EUR,GJ_GCV,MSHH,DE,2024,33.2776,,
ESTAT:TEN00118(1.0),21/05/25 23:00:00,A,4100,EUR,GJ_GCV,MSHH,DK,2013,27.5854,,
ESTAT:TEN00118(1.0),21/05/25 23:00:00,A,4100,EUR,GJ_GCV,MSHH,DK,2014,25.2216,,
ESTAT:TEN00118(1.0),21/05/25 23:00:00,A,4100,EUR,GJ_GCV,MSHH,DK,2015,25.5584,,
ESTAT:TEN00118(1.0),21/05/25 23:00:00,A,4100,EUR,GJ_GCV,MSHH,DK,2016,23.1489,,
ESTAT:TEN00118(1.0),21/05/25 23:00:00,A,4100,EUR,GJ_GCV,MSHH,DK,2017,24.672,,
ESTAT:TEN00118(1.0),21/05/25 23:00:00,A,4100,EUR,GJ_GCV,MSHH,DK,2018,24.2095,,
ESTAT:TEN00118(1.0),21/05/25 23:00:00,A,4100,EUR,GJ_GCV,MSHH,DK,2019,23.7451,,
ESTAT:TEN00118(1.0),21/05/25 23:00:00,A,4100,EUR,GJ_GCV,MSHH,DK,2020,20.8287,,
ESTAT:TEN00118(1.0),21/05/25 23:00:00,A,4100,EUR,GJ_GCV,MSHH,DK,2021,24.8473,,
ESTAT:TEN00118(1.0),21/05/25 23:00:00,A,4100,EUR,GJ_GCV,MSHH,DK,2022,41.9111,,
ESTAT:TEN00118(1.0),21/05/25 23:00:00,A,4100,EUR,GJ_GCV,MSHH,DK,2023,45.9819,,
ESTAT:TEN00118(1.0),21/05/25 23:00:00,A,4100,EUR,GJ_GCV,MSHH,DK,2024,33.9807,,
ESTAT:TEN00118(1.0),21/05/25 23:00:00,A,4100,EUR,GJ_GCV,MSHH,EE,2013,14.57,,
ESTAT:TEN00118(1.0),21/05/25 23:00:00,A,4100,EUR,GJ_GCV,MSHH,EE,2014,13.64,,
ESTAT:TEN00118(1.0),21/05/25 23:00:00,A,4100,EUR,GJ_GCV,MSHH,EE,2015,12.67,,
ESTAT:TEN00118(1.0),21/05/25 23:00:00,A,4100,EUR,GJ_GCV,MSHH,EE,2016,9.62,,
ESTAT:TEN00118(1.0),21/05/25 23:00:00,A,4100,EUR,GJ_GCV,MSHH,EE,2017,11.6133,,
ESTAT:TEN00118(1.0),21/05/25 23:00:00,A,4100,EUR,GJ_GCV,MSHH,EE,2018,11.1426,,
ESTAT:TEN00118(1.0),21/05/25 23:00:00,A,4100,EUR,GJ_GCV,MSHH,EE,2019,12.7321,,
ESTAT:TEN00118(1.0),21/05/25 23:00:00,A,4100,EUR,GJ_GCV,MSHH,EE,2020,12.2553,,
ESTAT:TEN00118(1.0),21/05/25 23:00:00,A,4100,EUR,GJ_GCV,MSHH,EE,2021,12.0958,,
ESTAT:TEN00118(1.0),21/05/25 23:00:00,A,4100,EUR,GJ_GCV,MSHH,EE,2022,30.7210,,
ESTAT:TEN00118(1.0),21/05/25 23:00:00,A,4100,EUR,GJ_GCV,MSHH,EE,2023,30.5282,,
ESTAT:TEN00118(1.0),21/05/25 23:00:00,A,4100,EUR,GJ_GCV,MSHH,EE,2024,19.1855,,
ESTAT:TEN00118(1.0),21/05/25 23:00:00,A,4100,EUR,GJ_GCV,MSHH,EL,2013,21.44,,
ESTAT:TEN00118(1.0),21/05/25 23:00:00,A,4100,EUR,GJ_GCV,MSHH,EL,2014,20.09,,
ESTAT:TEN00118(1.0),21/05/25 23:00:00,A,4100,EUR,GJ_GCV,MSHH,EL,2015,18.92,,
ESTAT:TEN00118(1.0),21/05/25 23:00:00,A,4100,EUR,GJ_GCV,MSHH,EL,2016,15.68,,
ESTAT:TEN00118(1.0),21/05/25 23:00:00,A,4100,EUR,GJ_GCV,MSHH,EL,2017,15.55,p,
ESTAT:TEN00118(1.0),21/05/25 23:00:00,A,4100,EUR,GJ_GCV,MSHH,EL,2018,14.7900,e,
ESTAT:TEN00118(1.0),21/05/25 23:00:00,A,4100,EUR,GJ_GCV,MSHH,EL,2019,15.4049,,
ESTAT:TEN00118(1.0),21/05/25 23:00:00,A,4100,EUR,GJ_GCV,MSHH,EL,2020,13.4132,,
ESTAT:TEN00118(1.0),21/05/25 23:00:00,A,4100,EUR,GJ_GCV,MSHH,EL,2021,12.4844,,
ESTAT:TEN00118(1.0),21/05/25 23:00:00,A,4100,EUR,GJ_GCV,MSHH,EL,2022,22.8074,,
ESTAT:TEN00118(1.0),21/05/25 23:00:00,A,4100,EUR,GJ_GCV,MSHH,EL,2023,32.9604,,
ESTAT:TEN00118(1.0),21/05/25 23:00:00,A,4100,EUR,GJ_GCV,MSHH,EL,2024,20.0571,,
ESTAT:TEN00118(1.0),21/05/25 23:00:00,A,4100,EUR,GJ_GCV,MSHH,ES,2013,20.34,,
ESTAT:TEN00118(1.0),21/05/25 23:00:00,A,4100,EUR,GJ_GCV,MSHH,ES,2014,20.9,,
ESTAT:TEN00118(1.0),21/05/25 23:00:00,A,4100,EUR,GJ_GCV,MSHH,ES,2015,20.32,,
ESTAT:TEN00118(1.0),21/05/25 23:00:00,A,4100,EUR,GJ_GCV,MSHH,ES,2016,18.82,,
ESTAT:TEN00118(1.0),21/05/25 23:00:00,A,4100,EUR,GJ_GCV,MSHH,ES,2017,18.52,,
ESTAT:TEN00118(1.0),21/05/25 23:00:00,A,4100,EUR,GJ_GCV,MSHH,ES,2018,18.4751,,
ESTAT:TEN00118(1.0),21/05/25 23:00:00,A,4100,EUR,GJ_GCV,MSHH,ES,2019,20.4438,,
ESTAT:TEN00118(1.0),21/05/25 23:00:00,A,4100,EUR,GJ_GCV,MSHH,ES,2020,19.9309,,
ESTAT:TEN00118(1.0),21/05/25 23:00:00,A,4100,EUR,GJ_GCV,MSHH,ES,2021,19.2038,,
ESTAT:TEN00118(1.0),21/05/25 23:00:00,A,4100,EUR,GJ_GCV,MSHH,ES,2022,24.9262,,
ESTAT:TEN00118(1.0),21/05/25 23:00:00,A,4100,EUR,GJ_GCV,MSHH,ES,2023,29.9129,,
ESTAT:TEN00118(1.0),21/05/25 23:00:00,A,4100,EUR,GJ_GCV,MSHH,ES,2024,23.8299,,
ESTAT:TEN00118(1.0),21/05/25 23:00:00,A,4100,EUR,GJ_GCV,MSHH,EU27_2020,2013,19.2124,,
ESTAT:TEN00118(1.0),21/05/25 23:00:00,A,4100,EUR,GJ_GCV,MSHH,EU27_2020,2014,19.0471,,
ESTAT:TEN00118(1.0),21/05/25 23:00:00,A,4100,EUR,GJ_GCV,MSHH,EU27_2020,2015,18.6755,,
ESTAT:TEN00118(1.0),21/05/25 23:00:00,A,4100,EUR,GJ_GCV,MSHH,EU27_2020,2016,17.8671,,
ESTAT:TEN00118(1.0),21/05/25 23:00:00,A,4100,EUR,GJ_GCV,MSHH,EU27_2020,2017,17.0916,,
ESTAT:TEN00118(1.0),21/05/25 23:00:00,A,4100,EUR,GJ_GCV,MSHH,EU27_2020,2018,17.4057,,
ESTAT:TEN00118(1.0),21/05/25 23:00:00,A,4100,EUR,GJ_GCV,MSHH,EU27_2020,2019,18.6101,,
ESTAT:TEN00118(1.0),21/05/25 23:00:00,A,4100,EUR,GJ_GCV,MSHH,EU27_2020,2020,17.8380,,
ESTAT:TEN00118(1.0),21/05/25 23:00:00,A,4100,EUR,GJ_GCV,MSHH,EU27_2020,2021,17.7219,,
ESTAT:TEN00118(1.0),21/05/25 23:00:00,A,4100,EUR,GJ_GCV,MSHH,EU27_2020,2022,23.9269,,
ESTAT:TEN00118(1.0),21/05/25 23:00:00,A,4100,EUR,GJ_GCV,MSHH,EU27_2020,2023,32.9357,,
ESTAT:TEN00118(1.0),21/05/25 23:00:00,A,4100,EUR,GJ_GCV,MSHH,EU27_2020,2024,30.6560,,
ESTAT:TEN00118(1.0),21/05/25 23:00:00,A,4100,EUR,GJ_GCV,MSHH,FR,2013,18.83,,
ESTAT:TEN00118(1.0),21/05/25 23:00:00,A,4100,EUR,GJ_GCV,MSHH,FR,2014,19.47,,
ESTAT:TEN00118(1.0),21/05/25 23:00:00,A,4100,EUR,GJ_GCV,MSHH,FR,2015,19.46,,
ESTAT:TEN00118(1.0),21/05/25 23:00:00,A,4100,EUR,GJ_GCV,MSHH,FR,2016,18.05,,
ESTAT:TEN00118(1.0),21/05/25 23:00:00,A,4100,EUR,GJ_GCV,MSHH,FR,2017,17.7413,,
ESTAT:TEN00118(1.0),21/05/25 23:00:00,A,4100,EUR,GJ_GCV,MSHH,FR,2018,18.4662,,
ESTAT:TEN00118(1.0),21/05/25 23:00:00,A,4100,EUR,GJ_GCV,MSHH,FR,2019,20.4950,,
ESTAT:TEN00118(1.0),21/05/25 23:00:00,A,4100,EUR,GJ_GCV,MSHH,FR,2020,19.9882,,
ESTAT:TEN00118(1.0),21/05/25 23:00:00,A,4100,EUR,GJ_GCV,MSHH,FR,2021,19.1936,,
ESTAT:TEN00118(1.0),21/05/25 23:00:00,A,4100,EUR,GJ_GCV,MSHH,FR,2022,23.8741,,
ESTAT:TEN00118(1.0),21/05/25 23:00:00,A,4100,EUR,GJ_GCV,MSHH,FR,2023,29.0023,,
ESTAT:TEN00118(1.0),21/05/25 23:00:00,A,4100,EUR,GJ_GCV,MSHH,FR,2024,33.2563,,
ESTAT:TEN00118(1.0),21/05/25 23:00:00,A,4100,EUR,GJ_GCV,MSHH,GE,2018,4.1884,,
ESTAT:TEN00118(1.0),21/05/25 23:00:00,A,4100,EUR,GJ_GCV,MSHH,GE,2019,4.2009,,
ESTAT:TEN00118(1.0),21/05/25 23:00:00,A,4100,EUR,GJ_GCV,MSHH,GE,2020,3.8702,,
ESTAT:TEN00118(1.0),21/05/25 23:00:00,A,4100,EUR,GJ_GCV,MSHH,GE,2021,3.2618,,
ESTAT:TEN00118(1.0),21/05/25 23:00:00,A,4100,EUR,GJ_GCV,MSHH,GE,2022,4.2051,,
ESTAT:TEN00118(1.0),21/05/25 23:00:00,A,4100,EUR,GJ_GCV,MSHH,GE,2023,5.0423,,
ESTAT:TEN00118(1.0),21/05/25 23:00:00,A,4100,EUR,GJ_GCV,MSHH,GE,2024,4.8641,,
ESTAT:TEN00118(1.0),21/05/25 23:00:00,A,4100,EUR,GJ_GCV,MSHH,HR,2013,12.9191,,
ESTAT:TEN00118(1.0),21/05/25 23:00:00,A,4100,EUR,GJ_GCV,MSHH,HR,2014,12.8979,,
ESTAT:TEN00118(1.0),21/05/25 23:00:00,A,4100,EUR,GJ_GCV,MSHH,HR,2015,13.1265,,
ESTAT:TEN00118(1.0),21/05/25 23:00:00,A,4100,EUR,GJ_GCV,MSHH,HR,2016,11.9036,,
ESTAT:TEN00118(1.0),21/05/25 23:00:00,A,4100,EUR,GJ_GCV,MSHH,HR,2017,9.9689,,
ESTAT:TEN00118(1.0),21/05/25 23:00:00,A,4100,EUR,GJ_GCV,MSHH,HR,2018,10.2119,,
ESTAT:TEN00118(1.0),21/05/25 23:00:00,A,4100,EUR,GJ_GCV,MSHH,HR,2019,10.4238,,
ESTAT:TEN00118(1.0),21/05/25 23:00:00,A,4100,EUR,GJ_GCV,MSHH,HR,2020,10.7964,,
ESTAT:TEN00118(1.0),21/05/25 23:00:00,A,4100,EUR,GJ_GCV,MSHH,HR,2021,10.4009,,
ESTAT:TEN00118(1.0),21/05/25 23:00:00,A,4100,EUR,GJ_GCV,MSHH,HR,2022,11.4568,,
ESTAT:TEN00118(1.0),21/05/25 23:00:00,A,4100,EUR,GJ_GCV,MSHH,HR,2023,12.3056,,
ESTAT:TEN00118(1.0),21/05/25 23:00:00,A,4100,EUR,GJ_GCV,MSHH,HR,2024,12.4250,,
ESTAT:TEN00118(1.0),21/05/25 23:00:00,A,4100,EUR,GJ_GCV,MSHH,HU,2013,12.0104,,
ESTAT:TEN00118(1.0),21/05/25 23:00:00,A,4100,EUR,GJ_GCV,MSHH,HU,2014,10.1466,,
ESTAT:TEN00118(1.0),21/05/25 23:00:00,A,4100,EUR,GJ_GCV,MSHH,HU,2015,9.8029,,
ESTAT:TEN00118(1.0),21/05/25 23:00:00,A,4100,EUR,GJ_GCV,MSHH,HU,2016,9.5613,,
ESTAT:TEN00118(1.0),21/05/25 23:00:00,A,4100,EUR,GJ_GCV,MSHH,HU,2017,9.7764,,
ESTAT:TEN00118(1.0),21/05/25 23:00:00,A,4100,EUR,GJ_GCV,MSHH,HU,2018,9.9528,,
ESTAT:TEN00118(1.0),21/05/25 23:00:00,A,4100,EUR,GJ_GCV,MSHH,HU,2019,9.6017,,
ESTAT:TEN00118(1.0),21/05/25 23:00:00,A,4100,EUR,GJ_GCV,MSHH,HU,2020,8.8602,,
ESTAT:TEN00118(1.0),21/05/25 23:00:00,A,4100,EUR,GJ_GCV,MSHH,HU,2021,8.5200,,
ESTAT:TEN00118(1.0),21/05/25 23:00:00,A,4100,EUR,GJ_GCV,MSHH,HU,2022,8.0851,,
ESTAT:TEN00118(1.0),21/05/25 23:00:00,A,4100,EUR,GJ_GCV,MSHH,HU,2023,9.3548,,
ESTAT:TEN00118(1.0),21/05/25 23:00:00,A,4100,EUR,GJ_GCV,MSHH,HU,2024,7.6329,,
ESTAT:TEN00118(1.0),21/05/25 23:00:00,A,4100,EUR,GJ_GCV,MSHH,IE,2013,18.15,,
ESTAT:TEN00118(1.0),21/05/25 23:00:00,A,4100,EUR,GJ_GCV,MSHH,IE,2014,18.92,,
ESTAT:TEN00118(1.0),21/05/25 23:00:00,A,4100,EUR,GJ_GCV,MSHH,IE,2015,18.7,,
ESTAT:TEN00118(1.0),21/05/25 23:00:00,A,4100,EUR,GJ_GCV,MSHH,IE,2016,18.12,,
ESTAT:TEN00118(1.0),21/05/25 23:00:00,A,4100,EUR,GJ_GCV,MSHH,IE,2017,17.56,,
ESTAT:TEN00118(1.0),21/05/25 23:00:00,A,4100,EUR,GJ_GCV,MSHH,IE,2018,17.5565,,
ESTAT:TEN00118(1.0),21/05/25 23:00:00,A,4100,EUR,GJ_GCV,MSHH,IE,2019,18.9702,,
ESTAT:TEN00118(1.0),21/05/25 23:00:00,A,4100,EUR,GJ_GCV,MSHH,IE,2020,18.5834,,
ESTAT:TEN00118(1.0),21/05/25 23:00:00,A,4100,EUR,GJ_GCV,MSHH,IE,2021,17.2221,,
ESTAT:TEN00118(1.0),21/05/25 23:00:00,A,4100,EUR,GJ_GCV,MSHH,IE,2022,23.5275,,
ESTAT:TEN00118(1.0),21/05/25 23:00:00,A,4100,EUR,GJ_GCV,MSHH,IE,2023,40.6960,,
ESTAT:TEN00118(1.0),21/05/25 23:00:00,A,4100,EUR,GJ_GCV,MSHH,IE,2024,35.3126,,
ESTAT:TEN00118(1.0),21/05/25 23:00:00,A,4100,EUR,GJ_GCV,MSHH,IT,2013,23.17,,
ESTAT:TEN00118(1.0),21/05/25 23:00:00,A,4100,EUR,GJ_GCV,MSHH,IT,2014,22.14,,
ESTAT:TEN00118(1.0),21/05/25 23:00:00,A,4100,EUR,GJ_GCV,MSHH,IT,2015,21.27,,
ESTAT:TEN00118(1.0),21/05/25 23:00:00,A,4100,EUR,GJ_GCV,MSHH,IT,2016,20.32,,
ESTAT:TEN00118(1.0),21/05/25 23:00:00,A,4100,EUR,GJ_GCV,MSHH,IT,2017,19.56,,
ESTAT:TEN00118(1.0),21/05/25 23:00:00,A,4100,EUR,GJ_GCV,MSHH,IT,2018,19.8447,,
ESTAT:TEN00118(1.0),21/05/25 23:00:00,A,4100,EUR,GJ_GCV,MSHH,IT,2019,21.3645,,
ESTAT:TEN00118(1.0),21/05/25 23:00:00,A,4100,EUR,GJ_GCV,MSHH,IT,2020,20.2286,,
ESTAT:TEN00118(1.0),21/05/25 23:00:00,A,4100,EUR,GJ_GCV,MSHH,IT,2021,19.5362,,
ESTAT:TEN00118(1.0),21/05/25 23:00:00,A,4100,EUR,GJ_GCV,MSHH,IT,2022,27.3987,,
ESTAT:TEN00118(1.0),21/05/25 23:00:00,A,4100,EUR,GJ_GCV,MSHH,IT,2023,27.2429,,
ESTAT:TEN00118(1.0),21/05/25 23:00:00,A,4100,EUR,GJ_GCV,MSHH,IT,2024,31.6726,,
ESTAT:TEN00118(1.0),21/05/25 23:00:00,A,4100,EUR,GJ_GCV,MSHH,LI,2014,22.678,,
ESTAT:TEN00118(1.0),21/05/25 23:00:00,A,4100,EUR,GJ_GCV,MSHH,LI,2015,25.3644,,
ESTAT:TEN00118(1.0),21/05/25 23:00:00,A,4100,EUR,GJ_GCV,MSHH,LI,2016,23.4843,,
ESTAT:TEN00118(1.0),21/05/25 23:00:00,A,4100,EUR,GJ_GCV,MSHH,LI,2017,20.6548,,
ESTAT:TEN00118(1.0),21/05/25 23:00:00,A,4100,EUR,GJ_GCV,MSHH,LI,2018,18.9248,,
ESTAT:TEN00118(1.0),21/05/25 23:00:00,A,4100,EUR,GJ_GCV,MSHH,LI,2019,20.9020,,
ESTAT:TEN00118(1.0),21/05/25 23:00:00,A,4100,EUR,GJ_GCV,MSHH,LI,2020,21.8681,,
ESTAT:TEN00118(1.0),21/05/25 23:00:00,A,4100,EUR,GJ_GCV,MSHH,LI,2021,19.8061,,
ESTAT:TEN00118(1.0),21/05/25 23:00:00,A,4100,EUR,GJ_GCV,MSHH,LI,2022,31.3378,,
ESTAT:TEN00118(1.0),21/05/25 23:00:00,A,4100,EUR,GJ_GCV,MSHH,LI,2023,55.5516,,
ESTAT:TEN00118(1.0),21/05/25 23:00:00,A,4100,EUR,GJ_GCV,MSHH,LI,2024,44.1765,,
ESTAT:TEN00118(1.0),21/05/25 23:00:00,A,4100,EUR,GJ_GCV,MSHH,LT,2013,16.7458,,
ESTAT:TEN00118(1.0),21/05/25 23:00:00,A,4100,EUR,GJ_GCV,MSHH,LT,2014,15.5381,,
ESTAT:TEN00118(1.0),21/05/25 23:00:00,A,4100,EUR,GJ_GCV,MSHH,LT,2015,11.75,,
ESTAT:TEN00118(1.0),21/05/25 23:00:00,A,4100,EUR,GJ_GCV,MSHH,LT,2016,11.47,,
ESTAT:TEN00118(1.0),21/05/25 23:00:00,A,4100,EUR,GJ_GCV,MSHH,LT,2017,10.14,,
ESTAT:TEN00118(1.0),21/05/25 23:00:00,A,4100,EUR,GJ_GCV,MSHH,LT,2018,11.0900,,
ESTAT:TEN00118(1.0),21/05/25 23:00:00,A,4100,EUR,GJ_GCV,MSHH,LT,2019,12.5096,,
ESTAT:TEN00118(1.0),21/05/25 23:00:00,A,4100,EUR,GJ_GCV,MSHH,LT,2020,10.0391,,
ESTAT:TEN00118(1.0),21/05/25 23:00:00,A,4100,EUR,GJ_GCV,MSHH,LT,2021,7.7413,,
ESTAT:TEN00118(1.0),21/05/25 23:00:00,A,4100,EUR,GJ_GCV,MSHH,LT,2022,16.3136,,
ESTAT:TEN00118(1.0),21/05/25 23:00:00,A,4100,EUR,GJ_GCV,MSHH,LT,2023,51.3476,,
ESTAT:TEN00118(1.0),21/05/25 23:00:00,A,4100,EUR,GJ_GCV,MSHH,LT,2024,20.5245,,
ESTAT:TEN00118(1.0),21/05/25 23:00:00,A,4100,EUR,GJ_GCV,MSHH,LU,2013,17.34,,
ESTAT:TEN00118(1.0),21/05/25 23:00:00,A,4100,EUR,GJ_GCV,MSHH,LU,2014,14.78,,
ESTAT:TEN00118(1.0),21/05/25 23:00:00,A,4100,EUR,GJ_GCV,MSHH,LU,2015,13.77,,
ESTAT:TEN00118(1.0),21/05/25 23:00:00,A,4100,EUR,GJ_GCV,MSHH,LU,2016,12.62,,
ESTAT:TEN00118(1.0),21/05/25 23:00:00,A,4100,EUR,GJ_GCV,MSHH,LU,2017,11.6,,
ESTAT:TEN00118(1.0),21/05/25 23:00:00,A,4100,EUR,GJ_GCV,MSHH,LU,2018,11.4113,,
ESTAT:TEN00118(1.0),21/05/25 23:00:00,A,4100,EUR,GJ_GCV,MSHH,LU,2019,12.4363,,
ESTAT:TEN00118(1.0),21/05/25 23:00:00,A,4100,EUR,GJ_GCV,MSHH,LU,2020,11.4407,,
ESTAT:TEN00118(1.0),21/05/25 23:00:00,A,4100,EUR,GJ_GCV,MSHH,LU,2021,12.1704,,
ESTAT:TEN00118(1.0),21/05/25 23:00:00,A,4100,EUR,GJ_GCV,MSHH,LU,2022,23.7674,,
ESTAT:TEN00118(1.0),21/05/25 23:00:00,A,4100,EUR,GJ_GCV,MSHH,LU,2023,24.3111,,
ESTAT:TEN00118(1.0),21/05/25 23:00:00,A,4100,EUR,GJ_GCV,MSHH,LU,2024,24.5170,,
ESTAT:TEN00118(1.0),21/05/25 23:00:00,A,4100,EUR,GJ_GCV,MSHH,LV,2013,14.0521,,
ESTAT:TEN00118(1.0),21/05/25 23:00:00,A,4100,EUR,GJ_GCV,MSHH,LV,2014,13.45,,
ESTAT:TEN00118(1.0),21/05/25 23:00:00,A,4100,EUR,GJ_GCV,MSHH,LV,2015,13.77,,
ESTAT:TEN00118(1.0),21/05/25 23:00:00,A,4100,EUR,GJ_GCV,MSHH,LV,2016,11.78,,
ESTAT:TEN00118(1.0),21/05/25 23:00:00,A,4100,EUR,GJ_GCV,MSHH,LV,2017,10.49,,
ESTAT:TEN00118(1.0),21/05/25 23:00:00,A,4100,EUR,GJ_GCV,MSHH,LV,2018,10.6955,,
ESTAT:TEN00118(1.0),21/05/25 23:00:00,A,4100,EUR,GJ_GCV,MSHH,LV,2019,12.3797,,
ESTAT:TEN00118(1.0),21/05/25 23:00:00,A,4100,EUR,GJ_GCV,MSHH,LV,2020,8.7451,,
ESTAT:TEN00118(1.0),21/05/25 23:00:00,A,4100,EUR,GJ_GCV,MSHH,LV,2021,8.2612,,
ESTAT:TEN00118(1.0),21/05/25 23:00:00,A,4100,EUR,GJ_GCV,MSHH,LV,2022,12.8343,,
ESTAT:TEN00118(1.0),21/05/25 23:00:00,A,4100,EUR,GJ_GCV,MSHH,LV,2023,30.6847,,
ESTAT:TEN00118(1.0),21/05/25 23:00:00,A,4100,EUR,GJ_GCV,MSHH,LV,2024,25.6291,,
ESTAT:TEN00118(1.0),21/05/25 23:00:00,A,4100,EUR,GJ_GCV,MSHH,MD,2015,8.8964,,
ESTAT:TEN00118(1.0),21/05/25 23:00:00,A,4100,EUR,GJ_GCV,MSHH,MD,2016,8.3841,,
ESTAT:TEN00118(1.0),21/05/25 23:00:00,A,4100,EUR,GJ_GCV,MSHH,MD,2017,8.5568,,
ESTAT:TEN00118(1.0),21/05/25 23:00:00,A,4100,EUR,GJ_GCV,MSHH,MD,2018,7.0567,,
ESTAT:TEN00118(1.0),21/05/25 23:00:00,A,4100,EUR,GJ_GCV,MSHH,MD,2019,8.2542,,
ESTAT:TEN00118(1.0),21/05/25 23:00:00,A,4100,EUR,GJ_GCV,MSHH,MD,2020,8.4028,,
ESTAT:TEN00118(1.0),21/05/25 23:00:00,A,4100,EUR,GJ_GCV,MSHH,MD,2021,6.7453,,
ESTAT:TEN00118(1.0),21/05/25 23:00:00,A,4100,EUR,GJ_GCV,MSHH,MD,2022,23.3797,,
ESTAT:TEN00118(1.0),21/05/25 23:00:00,A,4100,EUR,GJ_GCV,MSHH,MD,2023,30.0595,,
ESTAT:TEN00118(1.0),21/05/25 23:00:00,A,4100,EUR,GJ_GCV,MSHH,MD,2024,22.7029,,
ESTAT:TEN00118(1.0),21/05/25 23:00:00,A,4100,EUR,GJ_GCV,MSHH,MK,2017,13.3826,,
ESTAT:TEN00118(1.0),21/05/25 23:00:00,A,4100,EUR,GJ_GCV,MSHH,MK,2018,11.3051,,
ESTAT:TEN00118(1.0),21/05/25 23:00:00,A,4100,EUR,GJ_GCV,MSHH,MK,2019,16.6248,,
ESTAT:TEN00118(1.0),21/05/25 23:00:00,A,4100,EUR,GJ_GCV,MSHH,MK,2020,15.1059,,
ESTAT:TEN00118(1.0),21/05/25 23:00:00,A,4100,EUR,GJ_GCV,MSHH,MK,2021,13.5604,,
ESTAT:TEN00118(1.0),21/05/25 23:00:00,A,4100,EUR,GJ_GCV,MSHH,MK,2022,33.6063,,
ESTAT:TEN00118(1.0),21/05/25 23:00:00,A,4100,EUR,GJ_GCV,MSHH,MK,2023,28.7820,,
ESTAT:TEN00118(1.0),21/05/25 23:00:00,A,4100,EUR,GJ_GCV,MSHH,MK,2024,26.8614,,
ESTAT:TEN00118(1.0),21/05/25 23:00:00,A,4100,EUR,GJ_GCV,MSHH,NL,2013,21.96,,
ESTAT:TEN00118(1.0),21/05/25 23:00:00,A,4100,EUR,GJ_GCV,MSHH,NL,2014,21.91,,
ESTAT:TEN00118(1.0),21/05/25 23:00:00,A,4100,EUR,GJ_GCV,MSHH,NL,2015,21,,
ESTAT:TEN00118(1.0),21/05/25 23:00:00,A,4100,EUR,GJ_GCV,MSHH,NL,2016,21.65,,
ESTAT:TEN00118(1.0),21/05/25 23:00:00,A,4100,EUR,GJ_GCV,MSHH,NL,2017,21.2,,
ESTAT:TEN00118(1.0),21/05/25 23:00:00,A,4100,EUR,GJ_GCV,MSHH,NL,2018,22.6482,,
ESTAT:TEN00118(1.0),21/05/25 23:00:00,A,4100,EUR,GJ_GCV,MSHH,NL,2019,25.5701,,
ESTAT:TEN00118(1.0),21/05/25 23:00:00,A,4100,EUR,GJ_GCV,MSHH,NL,2020,27.6403,,
ESTAT:TEN00118(1.0),21/05/25 23:00:00,A,4100,EUR,GJ_GCV,MSHH,NL,2021,26.6970,,
ESTAT:TEN00118(1.0),21/05/25 23:00:00,A,4100,EUR,GJ_GCV,MSHH,NL,2022,34.5436,,
ESTAT:TEN00118(1.0),21/05/25 23:00:00,A,4100,EUR,GJ_GCV,MSHH,NL,2023,55.2169,,
ESTAT:TEN00118(1.0),21/05/25 23:00:00,A,4100,EUR,GJ_GCV,MSHH,NL,2024,45.1528,,
ESTAT:TEN00118(1.0),21/05/25 23:00:00,A,4100,EUR,GJ_GCV,MSHH,PL,2013,13.0548,,
ESTAT:TEN00118(1.0),21/05/25 23:00:00,A,4100,EUR,GJ_GCV,MSHH,PL,2014,13.5867,,
ESTAT:TEN00118(1.0),21/05/25 23:00:00,A,4100,EUR,GJ_GCV,MSHH,PL,2015,13.9067,,
ESTAT:TEN00118(1.0),21/05/25 23:00:00,A,4100,EUR,GJ_GCV,MSHH,PL,2016,10.8795,,
ESTAT:TEN00118(1.0),21/05/25 23:00:00,A,4100,EUR,GJ_GCV,MSHH,PL,2017,11.5706,,
ESTAT:TEN00118(1.0),21/05/25 23:00:00,A,4100,EUR,GJ_GCV,MSHH,PL,2018,11.7608,,
ESTAT:TEN00118(1.0),21/05/25 23:00:00,A,4100,EUR,GJ_GCV,MSHH,PL,2019,13.1310,,
ESTAT:TEN00118(1.0),21/05/25 23:00:00,A,4100,EUR,GJ_GCV,MSHH,PL,2020,11.8064,,
ESTAT:TEN00118(1.0),21/05/25 23:00:00,A,4100,EUR,GJ_GCV,MSHH,PL,2021,10.4510,,
ESTAT:TEN00118(1.0),21/05/25 23:00:00,A,4100,EUR,GJ_GCV,MSHH,PL,2022,15.2502,,
ESTAT:TEN00118(1.0),21/05/25 23:00:00,A,4100,EUR,GJ_GCV,MSHH,PL,2023,18.9640,,
ESTAT:TEN00118(1.0),21/05/25 23:00:00,A,4100,EUR,GJ_GCV,MSHH,PL,2024,,,C
ESTAT:TEN00118(1.0),21/05/25 23:00:00,A,4100,EUR,GJ_GCV,MSHH,PT,2013,23.23,,
ESTAT:TEN00118(1.0),21/05/25 23:00:00,A,4100,EUR,GJ_GCV,MSHH,PT,2014,25.96,,
ESTAT:TEN00118(1.0),21/05/25 23:00:00,A,4100,EUR,GJ_GCV,MSHH,PT,2015,27.11,,
ESTAT:TEN00118(1.0),21/05/25 23:00:00,A,4100,EUR,GJ_GCV,MSHH,PT,2016,25.35,,
ESTAT:TEN00118(1.0),21/05/25 23:00:00,A,4100,EUR,GJ_GCV,MSHH,PT,2017,21.47,,
ESTAT:TEN00118(1.0),21/05/25 23:00:00,A,4100,EUR,GJ_GCV,MSHH,PT,2018,21.0716,,
ESTAT:TEN00118(1.0),21/05/25 23:00:00,A,4100,EUR,GJ_GCV,MSHH,PT,2019,21.1189,,
ESTAT:TEN00118(1.0),21/05/25 23:00:00,A,4100,EUR,GJ_GCV,MSHH,PT,2020,21.8115,,
ESTAT:TEN00118(1.0),21/05/25 23:00:00,A,4100,EUR,GJ_GCV,MSHH,PT,2021,21.1719,,
ESTAT:TEN00118(1.0),21/05/25 23:00:00,A,4100,EUR,GJ_GCV,MSHH,PT,2022,23.2423,,
ESTAT:TEN00118(1.0),21/05/25 23:00:00,A,4100,EUR,GJ_GCV,MSHH,PT,2023,39.0672,,
ESTAT:TEN00118(1.0),21/05/25 23:00:00,A,4100,EUR,GJ_GCV,MSHH,PT,2024,33.1135,,
ESTAT:TEN00118(1.0),21/05/25 23:00:00,A,4100,EUR,GJ_GCV,MSHH,RO,2013,7.9114,,
ESTAT:TEN00118(1.0),21/05/25 23:00:00,A,4100,EUR,GJ_GCV,MSHH,RO,2014,8.5798,,
ESTAT:TEN00118(1.0),21/05/25 23:00:00,A,4100,EUR,GJ_GCV,MSHH,RO,2015,8.6513,,
ESTAT:TEN00118(1.0),21/05/25 23:00:00,A,4100,EUR,GJ_GCV,MSHH,RO,2016,9.2248,,
ESTAT:TEN00118(1.0),21/05/25 23:00:00,A,4100,EUR,GJ_GCV,MSHH,RO,2017,8.4119,e,
ESTAT:TEN00118(1.0),21/05/25 23:00:00,A,4100,EUR,GJ_GCV,MSHH,RO,2018,8.9029,e,
ESTAT:TEN00118(1.0),21/05/25 23:00:00,A,4100,EUR,GJ_GCV,MSHH,RO,2019,9.6370,e,
ESTAT:TEN00118(1.0),21/05/25 23:00:00,A,4100,EUR,GJ_GCV,MSHH,RO,2020,8.9980,e,
ESTAT:TEN00118(1.0),21/05/25 23:00:00,A,4100,EUR,GJ_GCV,MSHH,RO,2021,8.7997,e,
ESTAT:TEN00118(1.0),21/05/25 23:00:00,A,4100,EUR,GJ_GCV,MSHH,RO,2022,16.9686,d,
ESTAT:TEN00118(1.0),21/05/25 23:00:00,A,4100,EUR,GJ_GCV,MSHH,RO,2023,15.2339,,
ESTAT:TEN00118(1.0),21/05/25 23:00:00,A,4100,EUR,GJ_GCV,MSHH,RO,2024,16.1364,,
ESTAT:TEN00118(1.0),21/05/25 23:00:00,A,4100,EUR,GJ_GCV,MSHH,RS,2013,11.3797,,
ESTAT:TEN00118(1.0),21/05/25 23:00:00,A,4100,EUR,GJ_GCV,MSHH,RS,2014,11.8775,,
ESTAT:TEN00118(1.0),21/05/25 23:00:00,A,4100,EUR,GJ_GCV,MSHH,RS,2015,12.9555,,
ESTAT:TEN00118(1.0),21/05/25 23:00:00,A,4100,EUR,GJ_GCV,MSHH,RS,2016,10.4111,,
ESTAT:TEN00118(1.0),21/05/25 23:00:00,A,4100,EUR,GJ_GCV,MSHH,RS,2017,8.9038,,
ESTAT:TEN00118(1.0),21/05/25 23:00:00,A,4100,EUR,GJ_GCV,MSHH,RS,2018,9.2960,,
ESTAT:TEN00118(1.0),21/05/25 23:00:00,A,4100,EUR,GJ_GCV,MSHH,RS,2019,9.3018,,
ESTAT:TEN00118(1.0),21/05/25 23:00:00,A,4100,EUR,GJ_GCV,MSHH,RS,2020,9.3644,,
ESTAT:TEN00118(1.0),21/05/25 23:00:00,A,4100,EUR,GJ_GCV,MSHH,RS,2021,9.3564,,
ESTAT:TEN00118(1.0),21/05/25 23:00:00,A,4100,EUR,GJ_GCV,MSHH,RS,2022,9.3466,,
ESTAT:TEN00118(1.0),21/05/25 23:00:00,A,4100,EUR,GJ_GCV,MSHH,RS,2023,11.3326,,
ESTAT:TEN00118(1.0),21/05/25 23:00:00,A,4100,EUR,GJ_GCV,MSHH,RS,2024,13.5532,,
ESTAT:TEN00118(1.0),21/05/25 23:00:00,A,4100,EUR,GJ_GCV,MSHH,SE,2013,34.088,,
ESTAT:TEN00118(1.0),21/05/25 23:00:00,A,4100,EUR,GJ_GCV,MSHH,SE,2014,32.8982,,
ESTAT:TEN00118(1.0),21/05/25 23:00:00,A,4100,EUR,GJ_GCV,MSHH,SE,2015,31.4312,,
ESTAT:TEN00118(1.0),21/05/25 23:00:00,A,4100,EUR,GJ_GCV,MSHH,SE,2016,31.3541,,
ESTAT:TEN00118(1.0),21/05/25 23:00:00,A,4100,EUR,GJ_GCV,MSHH,SE,2017,33.6762,,
ESTAT:TEN00118(1.0),21/05/25 23:00:00,A,4100,EUR,GJ_GCV,MSHH,SE,2018,32.0246,,
ESTAT:TEN00118(1.0),21/05/25 23:00:00,A,4100,EUR,GJ_GCV,MSHH,SE,2019,32.8557,,
ESTAT:TEN00118(1.0),21/05/25 23:00:00,A,4100,EUR,GJ_GCV,MSHH,SE,2020,36.1235,,
ESTAT:TEN00118(1.0),21/05/25 23:00:00,A,4100,EUR,GJ_GCV,MSHH,SE,2021,39.9512,,
ESTAT:TEN00118(1.0),21/05/25 23:00:00,A,4100,EUR,GJ_GCV,MSHH,SE,2022,61.5534,e,
ESTAT:TEN00118(1.0),21/05/25 23:00:00,A,4100,EUR,GJ_GCV,MSHH,SE,2023,60.8175,,
ESTAT:TEN00118(1.0),21/05/25 23:00:00,A,4100,EUR,GJ_GCV,MSHH,SE,2024,48.8804,b,
ESTAT:TEN00118(1.0),21/05/25 23:00:00,A,4100,EUR,GJ_GCV,MSHH,SI,2013,18.57,,
ESTAT:TEN00118(1.0),21/05/25 23:00:00,A,4100,EUR,GJ_GCV,MSHH,SI,2014,18.54,,
ESTAT:TEN00118(1.0),21/05/25 23:00:00,A,4100,EUR,GJ_GCV,MSHH,SI,2015,17.48,,
ESTAT:TEN00118(1.0),21/05/25 23:00:00,A,4100,EUR,GJ_GCV,MSHH,SI,2016,16.65,,
ESTAT:TEN00118(1.0),21/05/25 23:00:00,A,4100,EUR,GJ_GCV,MSHH,SI,2017,15.35,,
ESTAT:TEN00118(1.0),21/05/25 23:00:00,A,4100,EUR,GJ_GCV,MSHH,SI,2018,15.1814,,
ESTAT:TEN00118(1.0),21/05/25 23:00:00,A,4100,EUR,GJ_GCV,MSHH,SI,2019,15.8903,,
ESTAT:TEN00118(1.0),21/05/25 23:00:00,A,4100,EUR,GJ_GCV,MSHH,SI,2020,16.2754,,
ESTAT:TEN00118(1.0),21/05/25 23:00:00,A,4100,EUR,GJ_GCV,MSHH,SI,2021,15.1826,,
ESTAT:TEN00118(1.0),21/05/25 23:00:00,A,4100,EUR,GJ_GCV,MSHH,SI,2022,19.1926,,
ESTAT:TEN00118(1.0),21/05/25 23:00:00,A,4100,EUR,GJ_GCV,MSHH,SI,2023,26.9732,,
ESTAT:TEN00118(1.0),21/05/25 23:00:00,A,4100,EUR,GJ_GCV,MSHH,SI,2024,27.0132,,
ESTAT:TEN00118(1.0),21/05/25 23:00:00,A,4100,EUR,GJ_GCV,MSHH,SK,2013,13.85,,
ESTAT:TEN00118(1.0),21/05/25 23:00:00,A,4100,EUR,GJ_GCV,MSHH,SK,2014,14.1,,
ESTAT:TEN00118(1.0),21/05/25 23:00:00,A,4100,EUR,GJ_GCV,MSHH,SK,2015,13.78,,
ESTAT:TEN00118(1.0),21/05/25 23:00:00,A,4100,EUR,GJ_GCV,MSHH,SK,2016,12.78,,
ESTAT:TEN00118(1.0),21/05/25 23:00:00,A,4100,EUR,GJ_GCV,MSHH,SK,2017,11.7,,
ESTAT:TEN00118(1.0),21/05/25 23:00:00,A,4100,EUR,GJ_GCV,MSHH,SK,2018,11.8680,,
ESTAT:TEN00118(1.0),21/05/25 23:00:00,A,4100,EUR,GJ_GCV,MSHH,SK,2019,12.4680,,
ESTAT:TEN00118(1.0),21/05/25 23:00:00,A,4100,EUR,GJ_GCV,MSHH,SK,2020,12.7040,,
ESTAT:TEN00118(1.0),21/05/25 23:00:00,A,4100,EUR,GJ_GCV,MSHH,SK,2021,11.4100,,
ESTAT:TEN00118(1.0),21/05/25 23:00:00,A,4100,EUR,GJ_GCV,MSHH,SK,2022,13.5520,,
ESTAT:TEN00118(1.0),21/05/25 23:00:00,A,4100,EUR,GJ_GCV,MSHH,SK,2023,15.8510,,
ESTAT:TEN00118(1.0),21/05/25 23:00:00,A,4100,EUR,GJ_GCV,MSHH,SK,2024,16.2430,,
ESTAT:TEN00118(1.0),21/05/25 23:00:00,A,4100,EUR,GJ_GCV,MSHH,TR,2013,11.3538,,
ESTAT:TEN00118(1.0),21/05/25 23:00:00,A,4100,EUR,GJ_GCV,MSHH,TR,2014,9.0523,,
ESTAT:TEN00118(1.0),21/05/25 23:00:00,A,4100,EUR,GJ_GCV,MSHH,TR,2015,10.5087,,
ESTAT:TEN00118(1.0),21/05/25 23:00:00,A,4100,EUR,GJ_GCV,MSHH,TR,2016,9.3251,,
ESTAT:TEN00118(1.0),21/05/25 23:00:00,A,4100,EUR,GJ_GCV,MSHH,TR,2017,7.1767,,
ESTAT:TEN00118(1.0),21/05/25 23:00:00,A,4100,EUR,GJ_GCV,MSHH,TR,2018,5.9880,,
ESTAT:TEN00118(1.0),21/05/25 23:00:00,A,4100,EUR,GJ_GCV,MSHH,TR,2019,5.5325,,
ESTAT:TEN00118(1.0),21/05/25 23:00:00,A,4100,EUR,GJ_GCV,MSHH,TR,2020,6.6503,,
ESTAT:TEN00118(1.0),21/05/25 23:00:00,A,4100,EUR,GJ_GCV,MSHH,TR,2021,5.2567,,
ESTAT:TEN00118(1.0),21/05/25 23:00:00,A,4100,EUR,GJ_GCV,MSHH,TR,2022,4.7256,,
ESTAT:TEN00118(1.0),21/05/25 23:00:00,A,4100,EUR,GJ_GCV,MSHH,TR,2023,6.8237,,
ESTAT:TEN00118(1.0),21/05/25 23:00:00,A,4100,EUR,GJ_GCV,MSHH,TR,2024,4.5176,,
ESTAT:TEN00118(1.0),21/05/25 23:00:00,A,4100,EUR,GJ_GCV,MSHH,UA,2016,5.0423,,
ESTAT:TEN00118(1.0),21/05/25 23:00:00,A,4100,EUR,GJ_GCV,MSHH,UA,2017,6.4222,,
ESTAT:TEN00118(1.0),21/05/25 23:00:00,A,4100,EUR,GJ_GCV,MSHH,UA,2018,5.7928,,
ESTAT:TEN00118(1.0),21/05/25 23:00:00,A,4100,EUR,GJ_GCV,MSHH,UA,2019,7.4172,,
ESTAT:TEN00118(1.0),21/05/25 23:00:00,A,4100,EUR,GJ_GCV,MSHH,UA,2020,5.0284,,
ESTAT:TEN00118(1.0),21/05/25 23:00:00,A,4100,EUR,GJ_GCV,MSHH,UA,2021,7.5955,,
ESTAT:TEN00118(1.0),21/05/25 23:00:00,A,4100,EUR,GJ_GCV,MSHH,UK,2013,14.7385,,
ESTAT:TEN00118(1.0),21/05/25 23:00:00,A,4100,EUR,GJ_GCV,MSHH,UK,2014,16.6567,,
ESTAT:TEN00118(1.0),21/05/25 23:00:00,A,4100,EUR,GJ_GCV,MSHH,UK,2015,17.6453,,
ESTAT:TEN00118(1.0),21/05/25 23:00:00,A,4100,EUR,GJ_GCV,MSHH,UK,2016,15.3614,,
ESTAT:TEN00118(1.0),21/05/25 23:00:00,A,4100,EUR,GJ_GCV,MSHH,UK,2017,13.0373,,
ESTAT:TEN00118(1.0),21/05/25 23:00:00,A,4100,EUR,GJ_GCV,MSHH,UK,2018,12.9290,,
ESTAT:TEN00118(1.0),21/05/25 23:00:00,A,4100,EUR,GJ_GCV,MSHH,UK,2019,13.7056,,
ESTAT:TEN00118(1.0),21/05/25 23:00:00,A,4100,EUR,GJ_GCV,MSHH,UK,2020,13.2185,,
ESTAT:TEN00118(1.0),21/05/25 23:00:00,A,4100,EUR,GJ_GCV,MSIND,AL,2022,0.0000,d,
ESTAT:TEN00118(1.0),21/05/25 23:00:00,A,4100,EUR,GJ_GCV,MSIND,AT,2013,9.7,,
ESTAT:TEN00118(1.0),21/05/25 23:00:00,A,4100,EUR,GJ_GCV,MSIND,AT,2014,9.43,,
ESTAT:TEN00118(1.0),21/05/25 23:00:00,A,4100,EUR,GJ_GCV,MSIND,AT,2015,8.49,,
ESTAT:TEN00118(1.0),21/05/25 23:00:00,A,4100,EUR,GJ_GCV,MSIND,AT,2016,7.45,,
ESTAT:TEN00118(1.0),21/05/25 23:00:00,A,4100,EUR,GJ_GCV,MSIND,AT,2017,7.43,,
ESTAT:TEN00118(1.0),21/05/25 23:00:00,A,4100,EUR,GJ_GCV,MSIND,AT,2018,7.2728,,
ESTAT:TEN00118(1.0),21/05/25 23:00:00,A,4100,EUR,GJ_GCV,MSIND,AT,2019,7.3744,,
ESTAT:TEN00118(1.0),21/05/25 23:00:00,A,4100,EUR,GJ_GCV,MSIND,AT,2020,6.7652,,
ESTAT:TEN00118(1.0),21/05/25 23:00:00,A,4100,EUR,GJ_GCV,MSIND,AT,2021,6.9750,,
ESTAT:TEN00118(1.0),21/05/25 23:00:00,A,4100,EUR,GJ_GCV,MSIND,AT,2022,16.2281,,
ESTAT:TEN00118(1.0),21/05/25 23:00:00,A,4100,EUR,GJ_GCV,MSIND,AT,2023,19.8699,,
ESTAT:TEN00118(1.0),21/05/25 23:00:00,A,4100,EUR,GJ_GCV,MSIND,AT,2024,14.3436,,
ESTAT:TEN00118(1.0),21/05/25 23:00:00,A,4100,EUR,GJ_GCV,MSIND,BA,2013,12.2959,,
ESTAT:TEN00118(1.0),21/05/25 23:00:00,A,4100,EUR,GJ_GCV,MSIND,BA,2014,11.2755,,
ESTAT:TEN00118(1.0),21/05/25 23:00:00,A,4100,EUR,GJ_GCV,MSIND,BA,2015,11.2996,,
ESTAT:TEN00118(1.0),21/05/25 23:00:00,A,4100,EUR,GJ_GCV,MSIND,BA,2016,8.0784,,
ESTAT:TEN00118(1.0),21/05/25 23:00:00,A,4100,EUR,GJ_GCV,MSIND,BA,2017,9.5356,,
ESTAT:TEN00118(1.0),21/05/25 23:00:00,A,4100,EUR,GJ_GCV,MSIND,BA,2018,9.9004,,
ESTAT:TEN00118(1.0),21/05/25 23:00:00,A,4100,EUR,GJ_GCV,MSIND,BA,2019,10.1953,,
ESTAT:TEN00118(1.0),21/05/25 23:00:00,A,4100,EUR,GJ_GCV,MSIND,BA,2020,11.0284,,
ESTAT:TEN00118(1.0),21/05/25 23:00:00,A,4100,EUR,GJ_GCV,MSIND,BA,2021,9.8251,,
ESTAT:TEN00118(1.0),21/05/25 23:00:00,A,4100,EUR,GJ_GCV,MSIND,BA,2022,12.6785,,
ESTAT:TEN00118(1.0),21/05/25 23:00:00,A,4100,EUR,GJ_GCV,MSIND,BA,2023,16.0714,,
ESTAT:TEN00118(1.0),21/05/25 23:00:00,A,4100,EUR,GJ_GCV,MSIND,BA,2024,14.7649,,
ESTAT:TEN00118(1.0),21/05/25 23:00:00,A,4100,EUR,GJ_GCV,MSIND,BE,2013,10.71,,
ESTAT:TEN00118(1.0),21/05/25 23:00:00,A,4100,EUR,GJ_GCV,MSIND,BE,2014,8.42,,
ESTAT:TEN00118(1.0),21/05/25 23:00:00,A,4100,EUR,GJ_GCV,MSIND,BE,2015,7.67,,
ESTAT:TEN00118(1.0),21/05/25 23:00:00,A,4100,EUR,GJ_GCV,MSIND,BE,2016,6.63,,
ESTAT:TEN00118(1.0),21/05/25 23:00:00,A,4100,EUR,GJ_GCV,MSIND,BE,2017,6.0939,,
ESTAT:TEN00118(1.0),21/05/25 23:00:00,A,4100,EUR,GJ_GCV,MSIND,BE,2018,5.9066,,
ESTAT:TEN00118(1.0),21/05/25 23:00:00,A,4100,EUR,GJ_GCV,MSIND,BE,2019,6.2508,,
ESTAT:TEN00118(1.0),21/05/25 23:00:00,A,4100,EUR,GJ_GCV,MSIND,BE,2020,5.3557,,
ESTAT:TEN00118(1.0),21/05/25 23:00:00,A,4100,EUR,GJ_GCV,MSIND,BE,2021,5.6431,,
ESTAT:TEN00118(1.0),21/05/25 23:00:00,A,4100,EUR,GJ_GCV,MSIND,BE,2022,13.1242,,
ESTAT:TEN00118(1.0),21/05/25 23:00:00,A,4100,EUR,GJ_GCV,MSIND,BE,2023,17.0498,,
ESTAT:TEN00118(1.0),21/05/25 23:00:00,A,4100,EUR,GJ_GCV,MSIND,BE,2024,12.4785,,
ESTAT:TEN00118(1.0),21/05/25 23:00:00,A,4100,EUR,GJ_GCV,MSIND,BG,2013,9.8936,,
ESTAT:TEN00118(1.0),21/05/25 23:00:00,A,4100,EUR,GJ_GCV,MSIND,BG,2014,9.4948,,
ESTAT:TEN00118(1.0),21/05/25 23:00:00,A,4100,EUR,GJ_GCV,MSIND,BG,2015,8.6307,,
ESTAT:TEN00118(1.0),21/05/25 23:00:00,A,4100,EUR,GJ_GCV,MSIND,BG,2016,6.0845,,
ESTAT:TEN00118(1.0),21/05/25 23:00:00,A,4100,EUR,GJ_GCV,MSIND,BG,2017,5.7726,,
ESTAT:TEN00118(1.0),21/05/25 23:00:00,A,4100,EUR,GJ_GCV,MSIND,BG,2018,6.8282,,
ESTAT:TEN00118(1.0),21/05/25 23:00:00,A,4100,EUR,GJ_GCV,MSIND,BG,2019,8.2636,,
ESTAT:TEN00118(1.0),21/05/25 23:00:00,A,4100,EUR,GJ_GCV,MSIND,BG,2020,6.1499,,
ESTAT:TEN00118(1.0),21/05/25 23:00:00,A,4100,EUR,GJ_GCV,MSIND,BG,2021,6.5817,,
ESTAT:TEN00118(1.0),21/05/25 23:00:00,A,4100,EUR,GJ_GCV,MSIND,BG,2022,20.6860,,
ESTAT:TEN00118(1.0),21/05/25 23:00:00,A,4100,EUR,GJ_GCV,MSIND,BG,2023,17.8703,,
ESTAT:TEN00118(1.0),21/05/25 23:00:00,A,4100,EUR,GJ_GCV,MSIND,BG,2024,11.3451,,
ESTAT:TEN00118(1.0),21/05/25 23:00:00,A,4100,EUR,GJ_GCV,MSIND,CZ,2013,8.9999,,
ESTAT:TEN00118(1.0),21/05/25 23:00:00,A,4100,EUR,GJ_GCV,MSIND,CZ,2014,8.4543,,
ESTAT:TEN00118(1.0),21/05/25 23:00:00,A,4100,EUR,GJ_GCV,MSIND,CZ,2015,7.9308,,
ESTAT:TEN00118(1.0),21/05/25 23:00:00,A,4100,EUR,GJ_GCV,MSIND,CZ,2016,6.9719,,
ESTAT:TEN00118(1.0),21/05/25 23:00:00,A,4100,EUR,GJ_GCV,MSIND,CZ,2017,6.2828,,
ESTAT:TEN00118(1.0),21/05/25 23:00:00,A,4100,EUR,GJ_GCV,MSIND,CZ,2018,6.7611,,
ESTAT:TEN00118(1.0),21/05/25 23:00:00,A,4100,EUR,GJ_GCV,MSIND,CZ,2019,7.7802,,
ESTAT:TEN00118(1.0),21/05/25 23:00:00,A,4100,EUR,GJ_GCV,MSIND,CZ,2020,6.6983,,
ESTAT:TEN00118(1.0),21/05/25 23:00:00,A,4100,EUR,GJ_GCV,MSIND,CZ,2021,6.6159,,
ESTAT:TEN00118(1.0),21/05/25 23:00:00,A,4100,EUR,GJ_GCV,MSIND,CZ,2022,18.5335,,
ESTAT:TEN00118(1.0),21/05/25 23:00:00,A,4100,EUR,GJ_GCV,MSIND,CZ,2023,20.9859,,
ESTAT:TEN00118(1.0),21/05/25 23:00:00,A,4100,EUR,GJ_GCV,MSIND,CZ,2024,17.3418,,
ESTAT:TEN00118(1.0),21/05/25 23:00:00,A,4100,EUR,GJ_GCV,MSIND,DE,2013,12.16,,
ESTAT:TEN00118(1.0),21/05/25 23:00:00,A,4100,EUR,GJ_GCV,MSIND,DE,2014,11.35,,
ESTAT:TEN00118(1.0),21/05/25 23:00:00,A,4100,EUR,GJ_GCV,MSIND,DE,2015,9.86,,
ESTAT:TEN00118(1.0),21/05/25 23:00:00,A,4100,EUR,GJ_GCV,MSIND,DE,2016,8.3,,
ESTAT:TEN00118(1.0),21/05/25 23:00:00,A,4100,EUR,GJ_GCV,MSIND,DE,2017,7.69,,
ESTAT:TEN00118(1.0),21/05/25 23:00:00,A,4100,EUR,GJ_GCV,MSIND,DE,2018,7.6924,,
ESTAT:TEN00118(1.0),21/05/25 23:00:00,A,4100,EUR,GJ_GCV,MSIND,DE,2019,7.7126,,
ESTAT:TEN00118(1.0),21/05/25 23:00:00,A,4100,EUR,GJ_GCV,MSIND,DE,2020,6.8036,,
ESTAT:TEN00118(1.0),21/05/25 23:00:00,A,4100,EUR,GJ_GCV,MSIND,DE,2021,6.6048,,
ESTAT:TEN00118(1.0),21/05/25 23:00:00,A,4100,EUR,GJ_GCV,MSIND,DE,2022,12.3483,,
ESTAT:TEN00118(1.0),21/05/25 23:00:00,A,4100,EUR,GJ_GCV,MSIND,DE,2023,18.5622,,
ESTAT:TEN00118(1.0),21/05/25 23:00:00,A,4100,EUR,GJ_GCV,MSIND,DE,2024,15.4307,,
ESTAT:TEN00118(1.0),21/05/25 23:00:00,A,4100,EUR,GJ_GCV,MSIND,DK,2013,9.5948,,
ESTAT:TEN00118(1.0),21/05/25 23:00:00,A,4100,EUR,GJ_GCV,MSIND,DK,2014,7.5697,,
ESTAT:TEN00118(1.0),21/05/25 23:00:00,A,4100,EUR,GJ_GCV,MSIND,DK,2015,7.8222,,
ESTAT:TEN00118(1.0),21/05/25 23:00:00,A,4100,EUR,GJ_GCV,MSIND,DK,2016,5.5683,,
ESTAT:TEN00118(1.0),21/05/25 23:00:00,A,4100,EUR,GJ_GCV,MSIND,DK,2017,6.6056,,
ESTAT:TEN00118(1.0),21/05/25 23:00:00,A,4100,EUR,GJ_GCV,MSIND,DK,2018,7.6181,,
ESTAT:TEN00118(1.0),21/05/25 23:00:00,A,4100,EUR,GJ_GCV,MSIND,DK,2019,6.7460,,
ESTAT:TEN00118(1.0),21/05/25 23:00:00,A,4100,EUR,GJ_GCV,MSIND,DK,2020,4.6664,,
ESTAT:TEN00118(1.0),21/05/25 23:00:00,A,4100,EUR,GJ_GCV,MSIND,DK,2021,6.9471,,
ESTAT:TEN00118(1.0),21/05/25 23:00:00,A,4100,EUR,GJ_GCV,MSIND,DK,2022,26.9947,,
ESTAT:TEN00118(1.0),21/05/25 23:00:00,A,4100,EUR,GJ_GCV,MSIND,DK,2023,16.0181,,
ESTAT:TEN00118(1.0),21/05/25 23:00:00,A,4100,EUR,GJ_GCV,MSIND,DK,2024,11.5632,,
ESTAT:TEN00118(1.0),21/05/25 23:00:00,A,4100,EUR,GJ_GCV,MSIND,EE,2013,9.94,,
ESTAT:TEN00118(1.0),21/05/25 23:00:00,A,4100,EUR,GJ_GCV,MSIND,EE,2014,9.42,,
ESTAT:TEN00118(1.0),21/05/25 23:00:00,A,4100,EUR,GJ_GCV,MSIND,EE,2015,9.48,,
ESTAT:TEN00118(1.0),21/05/25 23:00:00,A,4100,EUR,GJ_GCV,MSIND,EE,2016,5.98,,
ESTAT:TEN00118(1.0),21/05/25 23:00:00,A,4100,EUR,GJ_GCV,MSIND,EE,2017,6.62,,
ESTAT:TEN00118(1.0),21/05/25 23:00:00,A,4100,EUR,GJ_GCV,MSIND,EE,2018,7.1631,,
ESTAT:TEN00118(1.0),21/05/25 23:00:00,A,4100,EUR,GJ_GCV,MSIND,EE,2019,7.9881,,
ESTAT:TEN00118(1.0),21/05/25 23:00:00,A,4100,EUR,GJ_GCV,MSIND,EE,2020,6.5654,,
ESTAT:TEN00118(1.0),21/05/25 23:00:00,A,4100,EUR,GJ_GCV,MSIND,EE,2021,7.7661,,
ESTAT:TEN00118(1.0),21/05/25 23:00:00,A,4100,EUR,GJ_GCV,MSIND,EE,2022,27.1281,,
ESTAT:TEN00118(1.0),21/05/25 23:00:00,A,4100,EUR,GJ_GCV,MSIND,EE,2023,22.3691,,
ESTAT:TEN00118(1.0),21/05/25 23:00:00,A,4100,EUR,GJ_GCV,MSIND,EE,2024,13.2849,,
ESTAT:TEN00118(1.0),21/05/25 23:00:00,A,4100,EUR,GJ_GCV,MSIND,EL,2013,13.27,,
ESTAT:TEN00118(1.0),21/05/25 23:00:00,A,4100,EUR,GJ_GCV,MSIND,EL,2014,12.11,,
ESTAT:TEN00118(1.0),21/05/25 23:00:00,A,4100,EUR,GJ_GCV,MSIND,EL,2015,9.93,,
ESTAT:TEN00118(1.0),21/05/25 23:00:00,A,4100,EUR,GJ_GCV,MSIND,EL,2016,6.64,,
ESTAT:TEN00118(1.0),21/05/25 23:00:00,A,4100,EUR,GJ_GCV,MSIND,EL,2017,6.73,p,
ESTAT:TEN00118(1.0),21/05/25 23:00:00,A,4100,EUR,GJ_GCV,MSIND,EL,2018,7.2000,e,
ESTAT:TEN00118(1.0),21/05/25 23:00:00,A,4100,EUR,GJ_GCV,MSIND,EL,2019,8.6763,,
ESTAT:TEN00118(1.0),21/05/25 23:00:00,A,4100,EUR,GJ_GCV,MSIND,EL,2020,6.3478,,
ESTAT:TEN00118(1.0),21/05/25 23:00:00,A,4100,EUR,GJ_GCV,MSIND,EL,2021,6.3170,,
ESTAT:TEN00118(1.0),21/05/25 23:00:00,A,4100,EUR,GJ_GCV,MSIND,EL,2022,26.6470,,
ESTAT:TEN00118(1.0),21/05/25 23:00:00,A,4100,EUR,GJ_GCV,MSIND,EL,2023,19.7933,,
ESTAT:TEN00118(1.0),21/05/25 23:00:00,A,4100,EUR,GJ_GCV,MSIND,EL,2024,10.4449,,
ESTAT:TEN00118(1.0),21/05/25 23:00:00,A,4100,EUR,GJ_GCV,MSIND,ES,2013,10.65,,
ESTAT:TEN00118(1.0),21/05/25 23:00:00,A,4100,EUR,GJ_GCV,MSIND,ES,2014,10.23,,
ESTAT:TEN00118(1.0),21/05/25 23:00:00,A,4100,EUR,GJ_GCV,MSIND,ES,2015,9.56,,
ESTAT:TEN00118(1.0),21/05/25 23:00:00,A,4100,EUR,GJ_GCV,MSIND,ES,2016,7.66,,
ESTAT:TEN00118(1.0),21/05/25 23:00:00,A,4100,EUR,GJ_GCV,MSIND,ES,2017,7.429,,
ESTAT:TEN00118(1.0),21/05/25 23:00:00,A,4100,EUR,GJ_GCV,MSIND,ES,2018,7.9078,,
ESTAT:TEN00118(1.0),21/05/25 23:00:00,A,4100,EUR,GJ_GCV,MSIND,ES,2019,8.0566,,
ESTAT:TEN00118(1.0),21/05/25 23:00:00,A,4100,EUR,GJ_GCV,MSIND,ES,2020,7.4751,,
ESTAT:TEN00118(1.0),21/05/25 23:00:00,A,4100,EUR,GJ_GCV,MSIND,ES,2021,6.1621,,
ESTAT:TEN00118(1.0),21/05/25 23:00:00,A,4100,EUR,GJ_GCV,MSIND,ES,2022,19.0023,,
ESTAT:TEN00118(1.0),21/05/25 23:00:00,A,4100,EUR,GJ_GCV,MSIND,ES,2023,18.0834,,
ESTAT:TEN00118(1.0),21/05/25 23:00:00,A,4100,EUR,GJ_GCV,MSIND,ES,2024,11.6556,,
ESTAT:TEN00118(1.0),21/05/25 23:00:00,A,4100,EUR,GJ_GCV,MSIND,EU27_2020,2013,10.6807,,
ESTAT:TEN00118(1.0),21/05/25 23:00:00,A,4100,EUR,GJ_GCV,MSIND,EU27_2020,2014,10.0147,,
ESTAT:TEN00118(1.0),21/05/25 23:00:00,A,4100,EUR,GJ_GCV,MSIND,EU27_2020,2015,9.1682,,
ESTAT:TEN00118(1.0),21/05/25 23:00:00,A,4100,EUR,GJ_GCV,MSIND,EU27_2020,2016,7.6545,,
ESTAT:TEN00118(1.0),21/05/25 23:00:00,A,4100,EUR,GJ_GCV,MSIND,EU27_2020,2017,7.1793,,
ESTAT:TEN00118(1.0),21/05/25 23:00:00,A,4100,EUR,GJ_GCV,MSIND,EU27_2020,2018,7.3928,,
ESTAT:TEN00118(1.0),21/05/25 23:00:00,A,4100,EUR,GJ_GCV,MSIND,EU27_2020,2019,7.8801,,
ESTAT:TEN00118(1.0),21/05/25 23:00:00,A,4100,EUR,GJ_GCV,MSIND,EU27_2020,2020,6.9139,,
ESTAT:TEN00118(1.0),21/05/25 23:00:00,A,4100,EUR,GJ_GCV,MSIND,EU27_2020,2021,6.6212,,
ESTAT:TEN00118(1.0),21/05/25 23:00:00,A,4100,EUR,GJ_GCV,MSIND,EU27_2020,2022,16.3842,,
ESTAT:TEN00118(1.0),21/05/25 23:00:00,A,4100,EUR,GJ_GCV,MSIND,EU27_2020,2023,20.6296,,
ESTAT:TEN00118(1.0),21/05/25 23:00:00,A,4100,EUR,GJ_GCV,MSIND,EU27_2020,2024,14.7161,,
ESTAT:TEN00118(1.0),21/05/25 23:00:00,A,4100,EUR,GJ_GCV,MSIND,FI,2013,10.6,,
ESTAT:TEN00118(1.0),21/05/25 23:00:00,A,4100,EUR,GJ_GCV,MSIND,FI,2014,10.06,,
ESTAT:TEN00118(1.0),21/05/25 23:00:00,A,4100,EUR,GJ_GCV,MSIND,FI,2015,8.54,,
ESTAT:TEN00118(1.0),21/05/25 23:00:00,A,4100,EUR,GJ_GCV,MSIND,FI,2016,7.15,,
ESTAT:TEN00118(1.0),21/05/25 23:00:00,A,4100,EUR,GJ_GCV,MSIND,FI,2017,8.21,,
ESTAT:TEN00118(1.0),21/05/25 23:00:00,A,4100,EUR,GJ_GCV,MSIND,FI,2018,10.6206,,
ESTAT:TEN00118(1.0),21/05/25 23:00:00,A,4100,EUR,GJ_GCV,MSIND,FI,2019,12.2540,,
ESTAT:TEN00118(1.0),21/05/25 23:00:00,A,4100,EUR,GJ_GCV,MSIND,FI,2020,9.0647,,
ESTAT:TEN00118(1.0),21/05/25 23:00:00,A,4100,EUR,GJ_GCV,MSIND,FI,2021,10.8100,,
ESTAT:TEN00118(1.0),21/05/25 23:00:00,A,4100,EUR,GJ_GCV,MSIND,FI,2022,32.2100,,
ESTAT:TEN00118(1.0),21/05/25 23:00:00,A,4100,EUR,GJ_GCV,MSIND,FI,2023,26.2522,,
ESTAT:TEN00118(1.0),21/05/25 23:00:00,A,4100,EUR,GJ_GCV,MSIND,FI,2024,17.8369,,
ESTAT:TEN00118(1.0),21/05/25 23:00:00,A,4100,EUR,GJ_GCV,MSIND,FR,2013,11.03,,
ESTAT:TEN00118(1.0),21/05/25 23:00:00,A,4100,EUR,GJ_GCV,MSIND,FR,2014,10.36,,
ESTAT:TEN00118(1.0),21/05/25 23:00:00,A,4100,EUR,GJ_GCV,MSIND,FR,2015,9.58,,
ESTAT:TEN00118(1.0),21/05/25 23:00:00,A,4100,EUR,GJ_GCV,MSIND,FR,2016,7.92,,
ESTAT:TEN00118(1.0),21/05/25 23:00:00,A,4100,EUR,GJ_GCV,MSIND,FR,2017,7.6892,,
ESTAT:TEN00118(1.0),21/05/25 23:00:00,A,4100,EUR,GJ_GCV,MSIND,FR,2018,7.8003,,
ESTAT:TEN00118(1.0),21/05/25 23:00:00,A,4100,EUR,GJ_GCV,MSIND,FR,2019,8.4896,,
ESTAT:TEN00118(1.0),21/05/25 23:00:00,A,4100,EUR,GJ_GCV,MSIND,FR,2020,7.4488,,
ESTAT:TEN00118(1.0),21/05/25 23:00:00,A,4100,EUR,GJ_GCV,MSIND,FR,2021,7.5368,,
ESTAT:TEN00118(1.0),21/05/25 23:00:00,A,4100,EUR,GJ_GCV,MSIND,FR,2022,15.1082,,
ESTAT:TEN00118(1.0),21/05/25 23:00:00,A,4100,EUR,GJ_GCV,MSIND,FR,2023,20.9629,,
ESTAT:TEN00118(1.0),21/05/25 23:00:00,A,4100,EUR,GJ_GCV,MSIND,FR,2024,16.0541,,
ESTAT:TEN00118(1.0),21/05/25 23:00:00,A,4100,EUR,GJ_GCV,MSIND,GE,2018,5.9300,,
ESTAT:TEN00118(1.0),21/05/25 23:00:00,A,4100,EUR,GJ_GCV,MSIND,GE,2019,6.3814,,
ESTAT:TEN00118(1.0),21/05/25 23:00:00,A,4100,EUR,GJ_GCV,MSIND,GE,2020,5.8773,,
ESTAT:TEN00118(1.0),21/05/25 23:00:00,A,4100,EUR,GJ_GCV,MSIND,GE,2021,4.7814,,
ESTAT:TEN00118(1.0),21/05/25 23:00:00,A,4100,EUR,GJ_GCV,MSIND,GE,2022,6.6255,,
ESTAT:TEN00118(1.0),21/05/25 23:00:00,A,4100,EUR,GJ_GCV,MSIND,GE,2023,8.9229,,
ESTAT:TEN00118(1.0),21/05/25 23:00:00,A,4100,EUR,GJ_GCV,MSIND,GE,2024,8.1665,,
ESTAT:TEN00118(1.0),21/05/25 23:00:00,A,4100,EUR,GJ_GCV,MSIND,HR,2013,12.6945,,
ESTAT:TEN00118(1.0),21/05/25 23:00:00,A,4100,EUR,GJ_GCV,MSIND,HR,2014,11.408,,
ESTAT:TEN00118(1.0),21/05/25 23:00:00,A,4100,EUR,GJ_GCV,MSIND,HR,2015,10.6853,,
ESTAT:TEN00118(1.0),21/05/25 23:00:00,A,4100,EUR,GJ_GCV,MSIND,HR,2016,8.9766,,
ESTAT:TEN00118(1.0),21/05/25 23:00:00,A,4100,EUR,GJ_GCV,MSIND,HR,2017,6.7104,,
ESTAT:TEN00118(1.0),21/05/25 23:00:00,A,4100,EUR,GJ_GCV,MSIND,HR,2018,6.9596,,
ESTAT:TEN00118(1.0),21/05/25 23:00:00,A,4100,EUR,GJ_GCV,MSIND,HR,2019,8.1402,,
ESTAT:TEN00118(1.0),21/05/25 23:00:00,A,4100,EUR,GJ_GCV,MSIND,HR,2020,7.4890,,
ESTAT:TEN00118(1.0),21/05/25 23:00:00,A,4100,EUR,GJ_GCV,MSIND,HR,2021,7.6287,,
ESTAT:TEN00118(1.0),21/05/25 23:00:00,A,4100,EUR,GJ_GCV,MSIND,HR,2022,15.0569,,
ESTAT:TEN00118(1.0),21/05/25 23:00:00,A,4100,EUR,GJ_GCV,MSIND,HR,2023,17.8611,,
ESTAT:TEN00118(1.0),21/05/25 23:00:00,A,4100,EUR,GJ_GCV,MSIND,HR,2024,14.5556,,
ESTAT:TEN00118(1.0),21/05/25 23:00:00,A,4100,EUR,GJ_GCV,MSIND,HU,2013,10.9417,,
ESTAT:TEN00118(1.0),21/05/25 23:00:00,A,4100,EUR,GJ_GCV,MSIND,HU,2014,10.6814,,
ESTAT:TEN00118(1.0),21/05/25 23:00:00,A,4100,EUR,GJ_GCV,MSIND,HU,2015,9.7137,,
ESTAT:TEN00118(1.0),21/05/25 23:00:00,A,4100,EUR,GJ_GCV,MSIND,HU,2016,8.3145,,
ESTAT:TEN00118(1.0),21/05/25 23:00:00,A,4100,EUR,GJ_GCV,MSIND,HU,2017,6.6198,,
ESTAT:TEN00118(1.0),21/05/25 23:00:00,A,4100,EUR,GJ_GCV,MSIND,HU,2018,6.2832,,
ESTAT:TEN00118(1.0),21/05/25 23:00:00,A,4100,EUR,GJ_GCV,MSIND,HU,2019,7.5669,,
ESTAT:TEN00118(1.0),21/05/25 23:00:00,A,4100,EUR,GJ_GCV,MSIND,HU,2020,6.8846,,
ESTAT:TEN00118(1.0),21/05/25 23:00:00,A,4100,EUR,GJ_GCV,MSIND,HU,2021,5.7752,,
ESTAT:TEN00118(1.0),21/05/25 23:00:00,A,4100,EUR,GJ_GCV,MSIND,HU,2022,15.5092,,
ESTAT:TEN00118(1.0),21/05/25 23:00:00,A,4100,EUR,GJ_GCV,MSIND,HU,2023,28.7324,,
ESTAT:TEN00118(1.0),21/05/25 23:00:00,A,4100,EUR,GJ_GCV,MSIND,HU,2024,16.6650,,
ESTAT:TEN00118(1.0),21/05/25 23:00:00,A,4100,EUR,GJ_GCV,MSIND,IE,2013,10.81,,
ESTAT:TEN00118(1.0),21/05/25 23:00:00,A,4100,EUR,GJ_GCV,MSIND,IE,2014,10.45,,
ESTAT:TEN00118(1.0),21/05/25 23:00:00,A,4100,EUR,GJ_GCV,MSIND,IE,2015,10.08,,
ESTAT:TEN00118(1.0),21/05/25 23:00:00,A,4100,EUR,GJ_GCV,MSIND,IE,2016,8.02,,
ESTAT:TEN00118(1.0),21/05/25 23:00:00,A,4100,EUR,GJ_GCV,MSIND,IE,2017,8.28,,
ESTAT:TEN00118(1.0),21/05/25 23:00:00,A,4100,EUR,GJ_GCV,MSIND,IE,2018,8.4888,,
ESTAT:TEN00118(1.0),21/05/25 23:00:00,A,4100,EUR,GJ_GCV,MSIND,IE,2019,8.6496,,
ESTAT:TEN00118(1.0),21/05/25 23:00:00,A,4100,EUR,GJ_GCV,MSIND,IE,2020,6.9149,,
ESTAT:TEN00118(1.0),21/05/25 23:00:00,A,4100,EUR,GJ_GCV,MSIND,IE,2021,7.9979,,
ESTAT:TEN00118(1.0),21/05/25 23:00:00,A,4100,EUR,GJ_GCV,MSIND,IE,2022,17.0304,,
ESTAT:TEN00118(1.0),21/05/25 23:00:00,A,4100,EUR,GJ_GCV,MSIND,IE,2023,19.3039,,
ESTAT:TEN00118(1.0),21/05/25 23:00:00,A,4100,EUR,GJ_GCV,MSIND,IE,2024,15.7532,,
ESTAT:TEN00118(1.0),21/05/25 23:00:00,A,4100,EUR,GJ_GCV,MSIND,IT,2013,10.53,,
ESTAT:TEN00118(1.0),21/05/25 23:00:00,A,4100,EUR,GJ_GCV,MSIND,IT,2014,9.58,,
ESTAT:TEN00118(1.0),21/05/25 23:00:00,A,4100,EUR,GJ_GCV,MSIND,IT,2015,9.12,,
ESTAT:TEN00118(1.0),21/05/25 23:00:00,A,4100,EUR,GJ_GCV,MSIND,IT,2016,8,,
ESTAT:TEN00118(1.0),21/05/25 23:00:00,A,4100,EUR,GJ_GCV,MSIND,IT,2017,6.88,,
ESTAT:TEN00118(1.0),21/05/25 23:00:00,A,4100,EUR,GJ_GCV,MSIND,IT,2018,7.3072,,
ESTAT:TEN00118(1.0),21/05/25 23:00:00,A,4100,EUR,GJ_GCV,MSIND,IT,2019,8.2732,,
ESTAT:TEN00118(1.0),21/05/25 23:00:00,A,4100,EUR,GJ_GCV,MSIND,IT,2020,7.2576,,
ESTAT:TEN00118(1.0),21/05/25 23:00:00,A,4100,EUR,GJ_GCV,MSIND,IT,2021,6.3074,,
ESTAT:TEN00118(1.0),21/05/25 23:00:00,A,4100,EUR,GJ_GCV,MSIND,IT,2022,19.6360,,
ESTAT:TEN00118(1.0),21/05/25 23:00:00,A,4100,EUR,GJ_GCV,MSIND,IT,2023,24.4886,,
ESTAT:TEN00118(1.0),21/05/25 23:00:00,A,4100,EUR,GJ_GCV,MSIND,IT,2024,14.5255,,
ESTAT:TEN00118(1.0),21/05/25 23:00:00,A,4100,EUR,GJ_GCV,MSIND,LI,2014,12.6325,,
ESTAT:TEN00118(1.0),21/05/25 23:00:00,A,4100,EUR,GJ_GCV,MSIND,LI,2015,14.1776,,
ESTAT:TEN00118(1.0),21/05/25 23:00:00,A,4100,EUR,GJ_GCV,MSIND,LI,2016,12.098,,
ESTAT:TEN00118(1.0),21/05/25 23:00:00,A,4100,EUR,GJ_GCV,MSIND,LI,2017,10.0577,,
ESTAT:TEN00118(1.0),21/05/25 23:00:00,A,4100,EUR,GJ_GCV,MSIND,LI,2018,9.4743,,
ESTAT:TEN00118(1.0),21/05/25 23:00:00,A,4100,EUR,GJ_GCV,MSIND,LI,2019,10.5164,,
ESTAT:TEN00118(1.0),21/05/25 23:00:00,A,4100,EUR,GJ_GCV,MSIND,LI,2020,11.1037,,
ESTAT:TEN00118(1.0),21/05/25 23:00:00,A,4100,EUR,GJ_GCV,MSIND,LI,2021,9.7335,,
ESTAT:TEN00118(1.0),21/05/25 23:00:00,A,4100,EUR,GJ_GCV,MSIND,LI,2022,21.7392,,
ESTAT:TEN00118(1.0),21/05/25 23:00:00,A,4100,EUR,GJ_GCV,MSIND,LI,2023,24.3650,,
ESTAT:TEN00118(1.0),21/05/25 23:00:00,A,4100,EUR,GJ_GCV,MSIND,LI,2024,22.8941,,
ESTAT:TEN00118(1.0),21/05/25 23:00:00,A,4100,EUR,GJ_GCV,MSIND,LT,2013,12.2335,,
ESTAT:TEN00118(1.0),21/05/25 23:00:00,A,4100,EUR,GJ_GCV,MSIND,LT,2014,11.4979,,
ESTAT:TEN00118(1.0),21/05/25 23:00:00,A,4100,EUR,GJ_GCV,MSIND,LT,2015,7.79,,
ESTAT:TEN00118(1.0),21/05/25 23:00:00,A,4100,EUR,GJ_GCV,MSIND,LT,2016,7.45,,
ESTAT:TEN00118(1.0),21/05/25 23:00:00,A,4100,EUR,GJ_GCV,MSIND,LT,2017,6.7,,
ESTAT:TEN00118(1.0),21/05/25 23:00:00,A,4100,EUR,GJ_GCV,MSIND,LT,2018,7.9858,,
ESTAT:TEN00118(1.0),21/05/25 23:00:00,A,4100,EUR,GJ_GCV,MSIND,LT,2019,7.7945,,
ESTAT:TEN00118(1.0),21/05/25 23:00:00,A,4100,EUR,GJ_GCV,MSIND,LT,2020,5.1462,,
ESTAT:TEN00118(1.0),21/05/25 23:00:00,A,4100,EUR,GJ_GCV,MSIND,LT,2021,7.2236,,
ESTAT:TEN00118(1.0),21/05/25 23:00:00,A,4100,EUR,GJ_GCV,MSIND,LT,2022,28.9637,,
ESTAT:TEN00118(1.0),21/05/25 23:00:00,A,4100,EUR,GJ_GCV,MSIND,LT,2023,21.0254,,
ESTAT:TEN00118(1.0),21/05/25 23:00:00,A,4100,EUR,GJ_GCV,MSIND,LT,2024,11.0455,,
ESTAT:TEN00118(1.0),21/05/25 23:00:00,A,4100,EUR,GJ_GCV,MSIND,LU,2013,14.05,,
ESTAT:TEN00118(1.0),21/05/25 23:00:00,A,4100,EUR,GJ_GCV,MSIND,LU,2014,11.72,,
ESTAT:TEN00118(1.0),21/05/25 23:00:00,A,4100,EUR,GJ_GCV,MSIND,LU,2015,10.71,,
ESTAT:TEN00118(1.0),21/05/25 23:00:00,A,4100,EUR,GJ_GCV,MSIND,LU,2016,9.49,,
ESTAT:TEN00118(1.0),21/05/25 23:00:00,A,4100,EUR,GJ_GCV,MSIND,LU,2017,8.85,,
ESTAT:TEN00118(1.0),21/05/25 23:00:00,A,4100,EUR,GJ_GCV,MSIND,LU,2018,8.7517,,
ESTAT:TEN00118(1.0),21/05/25 23:00:00,A,4100,EUR,GJ_GCV,MSIND,LU,2019,9.1746,,
ESTAT:TEN00118(1.0),21/05/25 23:00:00,A,4100,EUR,GJ_GCV,MSIND,LU,2020,8.3124,,
ESTAT:TEN00118(1.0),21/05/25 23:00:00,A,4100,EUR,GJ_GCV,MSIND,LU,2021,7.6947,,
ESTAT:TEN00118(1.0),21/05/25 23:00:00,A,4100,EUR,GJ_GCV,MSIND,LU,2022,20.4714,,
ESTAT:TEN00118(1.0),21/05/25 23:00:00,A,4100,EUR,GJ_GCV,MSIND,LU,2023,32.1282,,
ESTAT:TEN00118(1.0),21/05/25 23:00:00,A,4100,EUR,GJ_GCV,MSIND,LU,2024,19.2582,,
ESTAT:TEN00118(1.0),21/05/25 23:00:00,A,4100,EUR,GJ_GCV,MSIND,LV,2013,9.9393,,
ESTAT:TEN00118(1.0),21/05/25 23:00:00,A,4100,EUR,GJ_GCV,MSIND,LV,2014,9.24,,
ESTAT:TEN00118(1.0),21/05/25 23:00:00,A,4100,EUR,GJ_GCV,MSIND,LV,2015,9.16,,
ESTAT:TEN00118(1.0),21/05/25 23:00:00,A,4100,EUR,GJ_GCV,MSIND,LV,2016,6.96,,
ESTAT:TEN00118(1.0),21/05/25 23:00:00,A,4100,EUR,GJ_GCV,MSIND,LV,2017,7.09,,
ESTAT:TEN00118(1.0),21/05/25 23:00:00,A,4100,EUR,GJ_GCV,MSIND,LV,2018,7.9387,,
ESTAT:TEN00118(1.0),21/05/25 23:00:00,A,4100,EUR,GJ_GCV,MSIND,LV,2019,8.2971,,
ESTAT:TEN00118(1.0),21/05/25 23:00:00,A,4100,EUR,GJ_GCV,MSIND,LV,2020,6.8146,,
ESTAT:TEN00118(1.0),21/05/25 23:00:00,A,4100,EUR,GJ_GCV,MSIND,LV,2021,6.0871,,
ESTAT:TEN00118(1.0),21/05/25 23:00:00,A,4100,EUR,GJ_GCV,MSIND,LV,2022,19.4280,,
ESTAT:TEN00118(1.0),21/05/25 23:00:00,A,4100,EUR,GJ_GCV,MSIND,LV,2023,28.4214,,
ESTAT:TEN00118(1.0),21/05/25 23:00:00,A,4100,EUR,GJ_GCV,MSIND,LV,2024,14.9415,,
ESTAT:TEN00118(1.0),21/05/25 23:00:00,A,4100,EUR,GJ_GCV,MSIND,MD,2015,7.8018,,
ESTAT:TEN00118(1.0),21/05/25 23:00:00,A,4100,EUR,GJ_GCV,MSIND,MD,2016,7.1186,,
ESTAT:TEN00118(1.0),21/05/25 23:00:00,A,4100,EUR,GJ_GCV,MSIND,MD,2017,7.2927,,
ESTAT:TEN00118(1.0),21/05/25 23:00:00,A,4100,EUR,GJ_GCV,MSIND,MD,2018,6.7206,,
ESTAT:TEN00118(1.0),21/05/25 23:00:00,A,4100,EUR,GJ_GCV,MSIND,MD,2019,7.3501,,
ESTAT:TEN00118(1.0),21/05/25 23:00:00,A,4100,EUR,GJ_GCV,MSIND,MD,2020,7.3980,,
ESTAT:TEN00118(1.0),21/05/25 23:00:00,A,4100,EUR,GJ_GCV,MSIND,MD,2021,5.1641,,
ESTAT:TEN00118(1.0),21/05/25 23:00:00,A,4100,EUR,GJ_GCV,MSIND,MD,2022,21.0460,,
ESTAT:TEN00118(1.0),21/05/25 23:00:00,A,4100,EUR,GJ_GCV,MSIND,MD,2023,38.5990,,
ESTAT:TEN00118(1.0),21/05/25 23:00:00,A,4100,EUR,GJ_GCV,MSIND,MD,2024,15.6777,,
ESTAT:TEN00118(1.0),21/05/25 23:00:00,A,4100,EUR,GJ_GCV,MSIND,MK,2013,10.6339,,
ESTAT:TEN00118(1.0),21/05/25 23:00:00,A,4100,EUR,GJ_GCV,MSIND,MK,2014,10.2127,,
ESTAT:TEN00118(1.0),21/05/25 23:00:00,A,4100,EUR,GJ_GCV,MSIND,MK,2015,9.6187,,
ESTAT:TEN00118(1.0),21/05/25 23:00:00,A,4100,EUR,GJ_GCV,MSIND,MK,2016,6.2787,,
ESTAT:TEN00118(1.0),21/05/25 23:00:00,A,4100,EUR,GJ_GCV,MSIND,MK,2017,7.2189,,
ESTAT:TEN00118(1.0),21/05/25 23:00:00,A,4100,EUR,GJ_GCV,MSIND,MK,2018,7.5093,,
ESTAT:TEN00118(1.0),21/05/25 23:00:00,A,4100,EUR,GJ_GCV,MSIND,MK,2019,8.9718,,
ESTAT:TEN00118(1.0),21/05/25 23:00:00,A,4100,EUR,GJ_GCV,MSIND,MK,2020,6.7857,,
ESTAT:TEN00118(1.0),21/05/25 23:00:00,A,4100,EUR,GJ_GCV,MSIND,MK,2021,6.5666,,
ESTAT:TEN00118(1.0),21/05/25 23:00:00,A,4100,EUR,GJ_GCV,MSIND,MK,2022,25.1788,,
ESTAT:TEN00118(1.0),21/05/25 23:00:00,A,4100,EUR,GJ_GCV,MSIND,MK,2023,18.2617,,
ESTAT:TEN00118(1.0),21/05/25 23:00:00,A,4100,EUR,GJ_GCV,MSIND,MK,2024,13.3400,,
ESTAT:TEN00118(1.0),21/05/25 23:00:00,A,4100,EUR,GJ_GCV,MSIND,NL,2013,8.39,,
ESTAT:TEN00118(1.0),21/05/25 23:00:00,A,4100,EUR,GJ_GCV,MSIND,NL,2014,8.12,,
ESTAT:TEN00118(1.0),21/05/25 23:00:00,A,4100,EUR,GJ_GCV,MSIND,NL,2015,7.59,,
ESTAT:TEN00118(1.0),21/05/25 23:00:00,A,4100,EUR,GJ_GCV,MSIND,NL,2016,6.29,,
ESTAT:TEN00118(1.0),21/05/25 23:00:00,A,4100,EUR,GJ_GCV,MSIND,NL,2017,5.89,,
ESTAT:TEN00118(1.0),21/05/25 23:00:00,A,4100,EUR,GJ_GCV,MSIND,NL,2018,6.0849,,
ESTAT:TEN00118(1.0),21/05/25 23:00:00,A,4100,EUR,GJ_GCV,MSIND,NL,2019,6.1856,,
ESTAT:TEN00118(1.0),21/05/25 23:00:00,A,4100,EUR,GJ_GCV,MSIND,NL,2020,5.3364,,
ESTAT:TEN00118(1.0),21/05/25 23:00:00,A,4100,EUR,GJ_GCV,MSIND,NL,2021,5.7612,,
ESTAT:TEN00118(1.0),21/05/25 23:00:00,A,4100,EUR,GJ_GCV,MSIND,NL,2022,14.9381,,
ESTAT:TEN00118(1.0),21/05/25 23:00:00,A,4100,EUR,GJ_GCV,MSIND,NL,2023,18.3058,,
ESTAT:TEN00118(1.0),21/05/25 23:00:00,A,4100,EUR,GJ_GCV,MSIND,NL,2024,11.5488,,
ESTAT:TEN00118(1.0),21/05/25 23:00:00,A,4100,EUR,GJ_GCV,MSIND,PL,2013,10.0622,,
ESTAT:TEN00118(1.0),21/05/25 23:00:00,A,4100,EUR,GJ_GCV,MSIND,PL,2014,10.296,,
ESTAT:TEN00118(1.0),21/05/25 23:00:00,A,4100,EUR,GJ_GCV,MSIND,PL,2015,10.238,,
ESTAT:TEN00118(1.0),21/05/25 23:00:00,A,4100,EUR,GJ_GCV,MSIND,PL,2016,7.3637,,
ESTAT:TEN00118(1.0),21/05/25 23:00:00,A,4100,EUR,GJ_GCV,MSIND,PL,2017,7.4212,,
ESTAT:TEN00118(1.0),21/05/25 23:00:00,A,4100,EUR,GJ_GCV,MSIND,PL,2018,8.2532,,
ESTAT:TEN00118(1.0),21/05/25 23:00:00,A,4100,EUR,GJ_GCV,MSIND,PL,2019,9.3669,,
ESTAT:TEN00118(1.0),21/05/25 23:00:00,A,4100,EUR,GJ_GCV,MSIND,PL,2020,7.9949,,
ESTAT:TEN00118(1.0),21/05/25 23:00:00,A,4100,EUR,GJ_GCV,MSIND,PL,2021,7.5342,,
ESTAT:TEN00118(1.0),21/05/25 23:00:00,A,4100,EUR,GJ_GCV,MSIND,PL,2022,20.5441,,
ESTAT:TEN00118(1.0),21/05/25 23:00:00,A,4100,EUR,GJ_GCV,MSIND,PL,2023,28.5552,,
ESTAT:TEN00118(1.0),21/05/25 23:00:00,A,4100,EUR,GJ_GCV,MSIND,PL,2024,19.9521,,
ESTAT:TEN00118(1.0),21/05/25 23:00:00,A,4100,EUR,GJ_GCV,MSIND,PT,2013,11.46,,
ESTAT:TEN00118(1.0),21/05/25 23:00:00,A,4100,EUR,GJ_GCV,MSIND,PT,2014,11.63,,
ESTAT:TEN00118(1.0),21/05/25 23:00:00,A,4100,EUR,GJ_GCV,MSIND,PT,2015,11.42,,
ESTAT:TEN00118(1.0),21/05/25 23:00:00,A,4100,EUR,GJ_GCV,MSIND,PT,2016,9.24,,
ESTAT:TEN00118(1.0),21/05/25 23:00:00,A,4100,EUR,GJ_GCV,MSIND,PT,2017,7.52,,
ESTAT:TEN00118(1.0),21/05/25 23:00:00,A,4100,EUR,GJ_GCV,MSIND,PT,2018,7.4048,,
ESTAT:TEN00118(1.0),21/05/25 23:00:00,A,4100,EUR,GJ_GCV,MSIND,PT,2019,8.6291,,
ESTAT:TEN00118(1.0),21/05/25 23:00:00,A,4100,EUR,GJ_GCV,MSIND,PT,2020,7.3083,,
ESTAT:TEN00118(1.0),21/05/25 23:00:00,A,4100,EUR,GJ_GCV,MSIND,PT,2021,6.2999,,
ESTAT:TEN00118(1.0),21/05/25 23:00:00,A,4100,EUR,GJ_GCV,MSIND,PT,2022,18.6612,,
ESTAT:TEN00118(1.0),21/05/25 23:00:00,A,4100,EUR,GJ_GCV,MSIND,PT,2023,19.6119,,
ESTAT:TEN00118(1.0),21/05/25 23:00:00,A,4100,EUR,GJ_GCV,MSIND,PT,2024,13.0233,,
ESTAT:TEN00118(1.0),21/05/25 23:00:00,A,4100,EUR,GJ_GCV,MSIND,RO,2013,5.7502,,
ESTAT:TEN00118(1.0),21/05/25 23:00:00,A,4100,EUR,GJ_GCV,MSIND,RO,2014,5.9185,,
ESTAT:TEN00118(1.0),21/05/25 23:00:00,A,4100,EUR,GJ_GCV,MSIND,RO,2015,5.7488,,
ESTAT:TEN00118(1.0),21/05/25 23:00:00,A,4100,EUR,GJ_GCV,MSIND,RO,2016,5.3676,,
ESTAT:TEN00118(1.0),21/05/25 23:00:00,A,4100,EUR,GJ_GCV,MSIND,RO,2017,7.1021,e,
ESTAT:TEN00118(1.0),21/05/25 23:00:00,A,4100,EUR,GJ_GCV,MSIND,RO,2018,7.1824,e,
ESTAT:TEN00118(1.0),21/05/25 23:00:00,A,4100,EUR,GJ_GCV,MSIND,RO,2019,8.6020,e,
ESTAT:TEN00118(1.0),21/05/25 23:00:00,A,4100,EUR,GJ_GCV,MSIND,RO,2020,8.1700,e,
ESTAT:TEN00118(1.0),21/05/25 23:00:00,A,4100,EUR,GJ_GCV,MSIND,RO,2021,6.5180,e,
ESTAT:TEN00118(1.0),21/05/25 23:00:00,A,4100,EUR,GJ_GCV,MSIND,RO,2022,23.0398,d,
ESTAT:TEN00118(1.0),21/05/25 23:00:00,A,4100,EUR,GJ_GCV,MSIND,RO,2023,16.1862,,
ESTAT:TEN00118(1.0),21/05/25 23:00:00,A,4100,EUR,GJ_GCV,MSIND,RO,2024,13.0717,,
ESTAT:TEN00118(1.0),21/05/25 23:00:00,A,4100,EUR,GJ_GCV,MSIND,RS,2013,10.5336,,
ESTAT:TEN00118(1.0),21/05/25 23:00:00,A,4100,EUR,GJ_GCV,MSIND,RS,2014,10.3881,,
ESTAT:TEN00118(1.0),21/05/25 23:00:00,A,4100,EUR,GJ_GCV,MSIND,RS,2015,12.6573,,
ESTAT:TEN00118(1.0),21/05/25 23:00:00,A,4100,EUR,GJ_GCV,MSIND,RS,2016,8.4032,,
ESTAT:TEN00118(1.0),21/05/25 23:00:00,A,4100,EUR,GJ_GCV,MSIND,RS,2017,8.6168,,
ESTAT:TEN00118(1.0),21/05/25 23:00:00,A,4100,EUR,GJ_GCV,MSIND,RS,2018,8.9075,,
ESTAT:TEN00118(1.0),21/05/25 23:00:00,A,4100,EUR,GJ_GCV,MSIND,RS,2019,10.8464,,
ESTAT:TEN00118(1.0),21/05/25 23:00:00,A,4100,EUR,GJ_GCV,MSIND,RS,2020,10.0742,,
ESTAT:TEN00118(1.0),21/05/25 23:00:00,A,4100,EUR,GJ_GCV,MSIND,RS,2021,7.9192,,
ESTAT:TEN00118(1.0),21/05/25 23:00:00,A,4100,EUR,GJ_GCV,MSIND,RS,2022,10.2278,,
ESTAT:TEN00118(1.0),21/05/25 23:00:00,A,4100,EUR,GJ_GCV,MSIND,RS,2023,12.9071,,
ESTAT:TEN00118(1.0),21/05/25 23:00:00,A,4100,EUR,GJ_GCV,MSIND,RS,2024,14.3586,,
ESTAT:TEN00118(1.0),21/05/25 23:00:00,A,4100,EUR,GJ_GCV,MSIND,SE,2013,12.7947,,
ESTAT:TEN00118(1.0),21/05/25 23:00:00,A,4100,EUR,GJ_GCV,MSIND,SE,2014,11.3934,,
ESTAT:TEN00118(1.0),21/05/25 23:00:00,A,4100,EUR,GJ_GCV,MSIND,SE,2015,10.0313,,
ESTAT:TEN00118(1.0),21/05/25 23:00:00,A,4100,EUR,GJ_GCV,MSIND,SE,2016,7.9259,,
ESTAT:TEN00118(1.0),21/05/25 23:00:00,A,4100,EUR,GJ_GCV,MSIND,SE,2017,9.0836,,
ESTAT:TEN00118(1.0),21/05/25 23:00:00,A,4100,EUR,GJ_GCV,MSIND,SE,2018,11.3949,,
ESTAT:TEN00118(1.0),21/05/25 23:00:00,A,4100,EUR,GJ_GCV,MSIND,SE,2019,8.7462,,
ESTAT:TEN00118(1.0),21/05/25 23:00:00,A,4100,EUR,GJ_GCV,MSIND,SE,2020,8.4111,,
ESTAT:TEN00118(1.0),21/05/25 23:00:00,A,4100,EUR,GJ_GCV,MSIND,SE,2021,12.4196,,
ESTAT:TEN00118(1.0),21/05/25 23:00:00,A,4100,EUR,GJ_GCV,MSIND,SE,2022,31.8052,e,
ESTAT:TEN00118(1.0),21/05/25 23:00:00,A,4100,EUR,GJ_GCV,MSIND,SE,2023,25.3131,,
ESTAT:TEN00118(1.0),21/05/25 23:00:00,A,4100,EUR,GJ_GCV,MSIND,SE,2024,18.9442,b,
ESTAT:TEN00118(1.0),21/05/25 23:00:00,A,4100,EUR,GJ_GCV,MSIND,SI,2013,12.38,,
ESTAT:TEN00118(1.0),21/05/25 23:00:00,A,4100,EUR,GJ_GCV,MSIND,SI,2014,10.64,,
ESTAT:TEN00118(1.0),21/05/25 23:00:00,A,4100,EUR,GJ_GCV,MSIND,SI,2015,8.93,,
ESTAT:TEN00118(1.0),21/05/25 23:00:00,A,4100,EUR,GJ_GCV,MSIND,SI,2016,8.18,,
ESTAT:TEN00118(1.0),21/05/25 23:00:00,A,4100,EUR,GJ_GCV,MSIND,SI,2017,7.19,,
ESTAT:TEN00118(1.0),21/05/25 23:00:00,A,4100,EUR,GJ_GCV,MSIND,SI,2018,7.6043,,
ESTAT:TEN00118(1.0),21/05/25 23:00:00,A,4100,EUR,GJ_GCV,MSIND,SI,2019,8.5024,,
ESTAT:TEN00118(1.0),21/05/25 23:00:00,A,4100,EUR,GJ_GCV,MSIND,SI,2020,6.8561,,
ESTAT:TEN00118(1.0),21/05/25 23:00:00,A,4100,EUR,GJ_GCV,MSIND,SI,2021,7.0634,,
ESTAT:TEN00118(1.0),21/05/25 23:00:00,A,4100,EUR,GJ_GCV,MSIND,SI,2022,17.4890,,
ESTAT:TEN00118(1.0),21/05/25 23:00:00,A,4100,EUR,GJ_GCV,MSIND,SI,2023,21.6889,,
ESTAT:TEN00118(1.0),21/05/25 23:00:00,A,4100,EUR,GJ_GCV,MSIND,SI,2024,14.7364,,
ESTAT:TEN00118(1.0),21/05/25 23:00:00,A,4100,EUR,GJ_GCV,MSIND,SK,2013,9.88,,
ESTAT:TEN00118(1.0),21/05/25 23:00:00,A,4100,EUR,GJ_GCV,MSIND,SK,2014,9.91,,
ESTAT:TEN00118(1.0),21/05/25 23:00:00,A,4100,EUR,GJ_GCV,MSIND,SK,2015,9.29,,
ESTAT:TEN00118(1.0),21/05/25 23:00:00,A,4100,EUR,GJ_GCV,MSIND,SK,2016,8.11,,
ESTAT:TEN00118(1.0),21/05/25 23:00:00,A,4100,EUR,GJ_GCV,MSIND,SK,2017,7.4748,,
ESTAT:TEN00118(1.0),21/05/25 23:00:00,A,4100,EUR,GJ_GCV,MSIND,SK,2018,7.6680,,
ESTAT:TEN00118(1.0),21/05/25 23:00:00,A,4100,EUR,GJ_GCV,MSIND,SK,2019,9.1350,,
ESTAT:TEN00118(1.0),21/05/25 23:00:00,A,4100,EUR,GJ_GCV,MSIND,SK,2020,8.1430,,
ESTAT:TEN00118(1.0),21/05/25 23:00:00,A,4100,EUR,GJ_GCV,MSIND,SK,2021,7.2580,,
ESTAT:TEN00118(1.0),21/05/25 23:00:00,A,4100,EUR,GJ_GCV,MSIND,SK,2022,16.1410,,
ESTAT:TEN00118(1.0),21/05/25 23:00:00,A,4100,EUR,GJ_GCV,MSIND,SK,2023,26.8480,,
ESTAT:TEN00118(1.0),21/05/25 23:00:00,A,4100,EUR,GJ_GCV,MSIND,SK,2024,19.3280,,
ESTAT:TEN00118(1.0),21/05/25 23:00:00,A,4100,EUR,GJ_GCV,MSIND,TR,2013,8.2623,,
ESTAT:TEN00118(1.0),21/05/25 23:00:00,A,4100,EUR,GJ_GCV,MSIND,TR,2014,6.555,,
ESTAT:TEN00118(1.0),21/05/25 23:00:00,A,4100,EUR,GJ_GCV,MSIND,TR,2015,7.5261,,
ESTAT:TEN00118(1.0),21/05/25 23:00:00,A,4100,EUR,GJ_GCV,MSIND,TR,2016,6.6187,,
ESTAT:TEN00118(1.0),21/05/25 23:00:00,A,4100,EUR,GJ_GCV,MSIND,TR,2017,5.0315,,
ESTAT:TEN00118(1.0),21/05/25 23:00:00,A,4100,EUR,GJ_GCV,MSIND,TR,2018,4.7541,,
ESTAT:TEN00118(1.0),21/05/25 23:00:00,A,4100,EUR,GJ_GCV,MSIND,TR,2019,5.7577,,
ESTAT:TEN00118(1.0),21/05/25 23:00:00,A,4100,EUR,GJ_GCV,MSIND,TR,2020,5.6665,,
ESTAT:TEN00118(1.0),21/05/25 23:00:00,A,4100,EUR,GJ_GCV,MSIND,TR,2021,4.2581,,
ESTAT:TEN00118(1.0),21/05/25 23:00:00,A,4100,EUR,GJ_GCV,MSIND,TR,2022,14.5607,,
ESTAT:TEN00118(1.0),21/05/25 23:00:00,A,4100,EUR,GJ_GCV,MSIND,TR,2023,14.4002,,
ESTAT:TEN00118(1.0),21/05/25 23:00:00,A,4100,EUR,GJ_GCV,MSIND,TR,2024,8.7579,,
ESTAT:TEN00118(1.0),21/05/25 23:00:00,A,4100,EUR,GJ_GCV,MSIND,UA,2017,7.2733,,
ESTAT:TEN00118(1.0),21/05/25 23:00:00,A,4100,EUR,GJ_GCV,MSIND,UA,2018,6.8203,,
ESTAT:TEN00118(1.0),21/05/25 23:00:00,A,4100,EUR,GJ_GCV,MSIND,UA,2019,7.1643,,
ESTAT:TEN00118(1.0),21/05/25 23:00:00,A,4100,EUR,GJ_GCV,MSIND,UA,2020,4.2910,,
ESTAT:TEN00118(1.0),21/05/25 23:00:00,A,4100,EUR,GJ_GCV,MSIND,UA,2021,6.0352,,
ESTAT:TEN00118(1.0),21/05/25 23:00:00,A,4100,EUR,GJ_GCV,MSIND,UK,2013,9.3555,,
ESTAT:TEN00118(1.0),21/05/25 23:00:00,A,4100,EUR,GJ_GCV,MSIND,UK,2014,9.8504,,
ESTAT:TEN00118(1.0),21/05/25 23:00:00,A,4100,EUR,GJ_GCV,MSIND,UK,2015,9.4236,,
ESTAT:TEN00118(1.0),21/05/25 23:00:00,A,4100,EUR,GJ_GCV,MSIND,UK,2016,7.6422,,
ESTAT:TEN00118(1.0),21/05/25 23:00:00,A,4100,EUR,GJ_GCV,MSIND,UK,2017,6.5778,,
ESTAT:TEN00118(1.0),21/05/25 23:00:00,A,4100,EUR,GJ_GCV,MSIND,UK,2018,6.8814,,
ESTAT:TEN00118(1.0),21/05/25 23:00:00,A,4100,EUR,GJ_GCV,MSIND,UK,2019,7.2799,,
ESTAT:TEN00118(1.0),21/05/25 23:00:00,A,4100,EUR,GJ_GCV,MSIND,UK,2020,6.9937,,
